Allele,affinity,Epitope,affinity_raw,Epitope_Allele,Binder,HLA_pseudo_seq,MHCflurry_pred,netMHCpan_pred
HLA-B27:01,0.0,ARLFGIRAK,100000.0,ARLFGIRAKHLA-B27:01,0,YHTEYREICAKTYENTAYLNYHDYTWAVLAYEWY,1,1
HLA-B27:01,0.0,ARLFGIRAK,100000.0,ARLFGIRAKHLA-B27:01,0,YHTEYREICAKTYENTAYLNYHDYTWAVLAYEWY,1,1
HLA-B27:02,0.0,ARLFGIRAK,100000.0,ARLFGIRAKHLA-B27:02,0,YHTEYREICAKTDENIAYLNYHDYTWAVLAYEWY,1,1
HLA-B51:01,0.0,DAPVVAKEI,58000.0,DAPVVAKEIHLA-B51:01,0,YYATYRNIFTNTYENIAYWTYNYYTWAELAYLWH,1,1
HLA-B51:01,0.0018672015993737,DAYETTLHV,49000.0,DAYETTLHVHLA-B51:01,0,YYATYRNIFTNTYENIAYWTYNYYTWAELAYLWH,1,1
HLA-B51:01,0.0,DPPVVAKEI,74000.0,DPPVVAKEIHLA-B51:01,0,YYATYRNIFTNTYENIAYWTYNYYTWAELAYLWH,1,1
HLA-B51:01,0.0037729049013023,DPYETTLHV,48000.0,DPYETTLHVHLA-B51:01,0,YYATYRNIFTNTYENIAYWTYNYYTWAELAYLWH,1,1
HLA-A11:01,0.944958728724504,FISNTVFRK,1.814,FISNTVFRKHLA-A11:01,1,YYAMYQENVAQTDVDTLYIIYRDYTWAAQAYRWY,1,1
HLA-A02:01,0.916841663518145,FLFELIPEP,2.459,FLFELIPEPHLA-A02:01,1,YFAMYGEKVAHTHVDTLYVRYHYYTWAVLAYTWY,1,1
HLA-A02:01,0.787187405095746,FLHEDLEKL,10.0,FLHEDLEKLHLA-A02:01,1,YFAMYGEKVAHTHVDTLYVRYHYYTWAVLAYTWY,1,1
HLA-A02:01,0.723124430574478,FLHEDTEKI,20.0,FLHEDTEKIHLA-A02:01,1,YFAMYGEKVAHTHVDTLYVRYHYYTWAVLAYTWY,1,1
HLA-B27:01,0.0206236713404495,FRYNGLIHR,40000.0,FRYNGLIHRHLA-B27:01,0,YHTEYREICAKTYENTAYLNYHDYTWAVLAYEWY,1,1
HLA-B27:02,0.195961828465106,FRYNGLIHR,6000.0,FRYNGLIHRHLA-B27:02,0,YHTEYREICAKTDENIAYLNYHDYTWAVLAYEWY,1,1
HLA-A02:01,0.886514807226554,FVGALSFSI,3.414,FVGALSFSIHLA-A02:01,1,YFAMYGEKVAHTHVDTLYVRYHYYTWAVLAYTWY,1,1
HLA-B27:01,0.0,GRIDKPILK,100000.0,GRIDKPILKHLA-B27:01,0,YHTEYREICAKTYENTAYLNYHDYTWAVLAYEWY,1,1
HLA-B27:02,0.0846866458617176,GRIDKPILK,20000.0,GRIDKPILKHLA-B27:02,0,YHTEYREICAKTDENIAYLNYHDYTWAVLAYEWY,1,1
HLA-B27:01,0.148749620382985,GRLTKHTKF,10000.0,GRLTKHTKFHLA-B27:01,0,YHTEYREICAKTYENTAYLNYHDYTWAVLAYEWY,1,1
HLA-A02:01,0.913809906282303,ILGIFNEFV,2.541,ILGIFNEFVHLA-A02:01,1,YFAMYGEKVAHTHVDTLYVRYHYYTWAVLAYTWY,1,1
HLA-A02:01,0.517567273451983,IMSSSLFNL,184.9,IMSSSLFNLHLA-A02:01,1,YFAMYGEKVAHTHVDTLYVRYHYYTWAVLAYTWY,1,1
HLA-A11:01,0.923543635248739,KIYRRQIFK,2.287,KIYRRQIFKHLA-A11:01,1,YYAMYQENVAQTDVDTLYIIYRDYTWAAQAYRWY,1,1
HLA-A02:01,0.904509643711062,KLADYLNVL,2.81,KLADYLNVLHLA-A02:01,1,YFAMYGEKVAHTHVDTLYVRYHYYTWAVLAYTWY,1,1
HLA-A02:01,0.574374810191493,KLVVGAVGV,100.0,KLVVGAVGVHLA-A02:01,1,YFAMYGEKVAHTHVDTLYVRYHYYTWAVLAYTWY,1,1
HLA-A02:01,0.787187405095746,KLVVVAVGV,10.0,KLVVVAVGVHLA-A02:01,1,YFAMYGEKVAHTHVDTLYVRYHYYTWAVLAYTWY,1,1
HLA-B27:01,0.0472122080821208,KRFEGLTQR,30000.0,KRFEGLTQRHLA-B27:01,0,YHTEYREICAKTYENTAYLNYHDYTWAVLAYEWY,1,1
HLA-B27:02,0.233436266244703,KRFEGLTQR,4000.0,KRFEGLTQRHLA-B27:02,0,YHTEYREICAKTDENIAYLNYHDYTWAVLAYEWY,1,1
HLA-B27:01,0.40877442336936,KRGILTLKY,600.0,KRGILTLKYHLA-B27:01,0,YHTEYREICAKTYENTAYLNYHDYTWAVLAYEWY,1,1
HLA-B27:01,0.361562215287239,KRYKSIVKY,1000.0,KRYKSIVKYHLA-B27:01,0,YHTEYREICAKTYENTAYLNYHDYTWAVLAYEWY,1,1
HLA-A11:01,0.900581624156355,KVFEHVGSR,2.932,KVFEHVGSRHLA-A11:01,1,YYAMYQENVAQTDVDTLYIIYRDYTWAAQAYRWY,1,1
HLA-B51:01,0.0,LAPVVAKEI,77000.0,LAPVVAKEIHLA-B51:01,0,YYATYRNIFTNTYENIAYWTYNYYTWAELAYLWH,1,1
HLA-B51:01,0.0,LAYETTLHV,340000.0,LAYETTLHVHLA-B51:01,0,YYATYRNIFTNTYENIAYWTYNYYTWAELAYLWH,1,1
HLA-A02:01,0.496474927991253,LLHGFSFYL,232.3,LLHGFSFYLHLA-A02:01,1,YFAMYGEKVAHTHVDTLYVRYHYYTWAVLAYTWY,1,1
HLA-B08:01,0.484582193322442,LPRAKKLIL,264.2,LPRAKKLILHLA-B08:01,1,YDSEYRNIFTNTDESNLYLSYNYYTWAVDAYTWY,1,1
HLA-B08:01,0.903821503659723,LPSMHRHQI,2.831,LPSMHRHQIHLA-B08:01,1,YDSEYRNIFTNTDESNLYLSYNYYTWAVDAYTWY,1,1
HLA-B51:01,0.0077064064297132,LPYETTLHV,46000.0,LPYETTLHVHLA-B51:01,0,YYATYRNIFTNTYENIAYWTYNYYTWAELAYLWH,1,1
HLA-B08:01,0.513079348606808,NLRYFAKSL,194.1,NLRYFAKSLHLA-B08:01,1,YDSEYRNIFTNTDESNLYLSYNYYTWAVDAYTWY,1,1
HLA-A02:01,0.887796024256045,QMIYSAARV,3.367,QMIYSAARVHLA-A02:01,1,YFAMYGEKVAHTHVDTLYVRYHYYTWAVLAYTWY,1,0
HLA-A02:01,0.32538459829677,RLSDFSEQL,1479.1,RLSDFSEQLHLA-A02:01,0,YFAMYGEKVAHTHVDTLYVRYHYYTWAVLAYTWY,1,1
HLA-B27:01,0.0,RRIKEIVKK,100000.0,RRIKEIVKKHLA-B27:01,0,YHTEYREICAKTYENTAYLNYHDYTWAVLAYEWY,1,1
HLA-B27:02,0.0846866458617176,RRIKEIVKK,20000.0,RRIKEIVKKHLA-B27:02,0,YHTEYREICAKTDENIAYLNYHDYTWAVLAYEWY,1,1
HLA-B27:01,0.233436266244703,RRISGVDRY,4000.0,RRISGVDRYHLA-B27:01,0,YHTEYREICAKTYENTAYLNYHDYTWAVLAYEWY,1,1
HLA-B27:02,0.169373291723435,RRISGVDRY,8000.0,RRISGVDRYHLA-B27:02,0,YHTEYREICAKTDENIAYLNYHDYTWAVLAYEWY,1,1
HLA-B27:01,0.0,RRSKEITVR,100000.0,RRSKEITVRHLA-B27:01,0,YHTEYREICAKTYENTAYLNYHDYTWAVLAYEWY,1,1
HLA-B27:02,0.0846866458617176,RRSKEITVR,20000.0,RRSKEITVRHLA-B27:02,0,YHTEYREICAKTDENIAYLNYHDYTWAVLAYEWY,1,1
HLA-B27:01,0.0,RRVKEVVKK,100000.0,RRVKEVVKKHLA-B27:01,0,YHTEYREICAKTYENTAYLNYHDYTWAVLAYEWY,1,1
HLA-B27:02,0.0,RRVKEVVKK,50000.0,RRVKEVVKKHLA-B27:02,0,YHTEYREICAKTDENIAYLNYHDYTWAVLAYEWY,1,1
HLA-B27:01,0.0,RRWLPAGDA,100000.0,RRWLPAGDAHLA-B27:01,0,YHTEYREICAKTYENTAYLNYHDYTWAVLAYEWY,1,1
HLA-B27:02,0.195961828465106,RRWLPAGDA,6000.0,RRWLPAGDAHLA-B27:02,0,YHTEYREICAKTDENIAYLNYHDYTWAVLAYEWY,1,0
HLA-B27:01,0.212812594904254,RRYQKSTEL,5000.0,RRYQKSTELHLA-B27:01,0,YHTEYREICAKTYENTAYLNYHDYTWAVLAYEWY,1,1
HLA-B27:02,0.169373291723435,RRYQKSTEL,8000.0,RRYQKSTELHLA-B27:02,0,YHTEYREICAKTDENIAYLNYHDYTWAVLAYEWY,1,1
HLA-A02:01,0.336239261515205,SLLRSLENV,1315.2,SLLRSLENVHLA-A02:01,0,YFAMYGEKVAHTHVDTLYVRYHYYTWAVLAYTWY,1,1
HLA-B08:01,0.502857163227105,SLRSHHYSL,216.8,SLRSHHYSLHLA-B08:01,1,YDSEYRNIFTNTDESNLYLSYNYYTWAVDAYTWY,1,1
HLA-A02:01,0.899765657319316,VLDGFIPGT,2.958,VLDGFIPGTHLA-A02:01,1,YFAMYGEKVAHTHVDTLYVRYHYYTWAVLAYTWY,1,1
HLA-A02:01,0.327087314346616,VLQEATICV,1452.1,VLQEATICVHLA-A02:01,0,YFAMYGEKVAHTHVDTLYVRYHYYTWAVLAYTWY,1,1
HLA-A02:01,0.418170517365388,YILKYSVFL,542.0,YILKYSVFLHLA-A02:01,0,YFAMYGEKVAHTHVDTLYVRYHYYTWAVLAYTWY,1,1
