Epitope,Binder,Allele,HLA_pseudo_seq
EHGGCVTVMAQD,0,HLA-A01:01,YFAMYQENMAHTDANTLYIIYRDYTWVARVYRGY
APGPGPADA,0,HLA-A02:01,YFAMYGEKVAHTHVDTLYVRYHYYTWAVLAYTWY
YYVSGARSNVTFTV,0,HLA-A25:01,YYAMYRNNVAHTDESIAYIRYQDYTWAEWAYRWY
PVRYMTTAVN,0,HLA-A01:01,YFAMYQENMAHTDANTLYIIYRDYTWVARVYRGY
FHERGYVK,0,HLA-B40:01,YHTKYREISTNTYESNLYLRYNYYSLAVLAYEWY
ASIAARGWAAHRA,0,HLA-B40:01,YHTKYREISTNTYESNLYLRYNYYSLAVLAYEWY
TRQEKWMTG,0,HLA-B40:01,YHTKYREISTNTYESNLYLRYNYYSLAVLAYEWY
TQFDLNAE,0,HLA-A02:01,YFAMYGEKVAHTHVDTLYVRYHYYTWAVLAYTWY
GRIGRNPNKPGD,0,HLA-B07:02,YYSEYRNIYAQTDESNLYLSYDYYTWAERAYEWY
IRTLIGQEKYTDYL,0,HLA-B40:01,YHTKYREISTNTYESNLYLRYNYYSLAVLAYEWY
WVGINTRN,0,HLA-C06:02,YDSGYREKYRQADVNKLYLWYDSYTWAEWAYTWY
VGGVLAALA,0,HLA-A02:01,YFAMYGEKVAHTHVDTLYVRYHYYTWAVLAYTWY
YAPTIWVRMV,0,HLA-B51:01,YYATYRNIFTNTYENIAYWTYNYYTWAELAYLWH
LGINAVAYYRGLDV,0,HLA-A01:01,YFAMYQENMAHTDANTLYIIYRDYTWVARVYRGY
ALWDVPAPKEVK,0,HLA-B07:02,YYSEYRNIYAQTDESNLYLSYDYYTWAERAYEWY
FHERGYVKLEG,0,HLA-B35:01,YYATYRNIFTNTYESNLYIRYDSYTWAVLAYLWY
NSRIINNQHRTM,0,HLA-B58:01,YYATYGENMASTYENIAYIRYDSYTWAVLAYLWY
LILGMLLMTGGVTL,0,HLA-B40:01,YHTKYREISTNTYESNLYLRYNYYSLAVLAYEWY
KEDLVAYGGSWKLE,0,HLA-A25:01,YYAMYRNNVAHTDESIAYIRYQDYTWAEWAYRWY
AIKSGQVEHLQQ,0,HLA-A02:01,YFAMYGEKVAHTHVDTLYVRYHYYTWAVLAYTWY
ILHPDVQRRVQ,0,HLA-A02:01,YFAMYGEKVAHTHVDTLYVRYHYYTWAVLAYTWY
NPAVFTWP,0,HLA-A68:01,YYAMYRNNVAQTDVDTLYIMYRDYTWAVWAYTWY
NFKSLSSTEFIPNL,0,HLA-B35:01,YYATYRNIFTNTYESNLYIRYDSYTWAVLAYLWY
TKPSLFKVRNG,0,HLA-B40:01,YHTKYREISTNTYESNLYLRYNYYSLAVLAYEWY
VKVLRPTPRGA,0,HLA-A02:01,YFAMYGEKVAHTHVDTLYVRYHYYTWAVLAYTWY
PPCTIFQAFK,0,HLA-A02:01,YFAMYGEKVAHTHVDTLYVRYHYYTWAVLAYTWY
AMATTPSLPE,0,HLA-A02:01,YFAMYGEKVAHTHVDTLYVRYHYYTWAVLAYTWY
RKEEELQQEEEQLL,0,HLA-A02:01,YFAMYGEKVAHTHVDTLYVRYHYYTWAVLAYTWY
LGLITANELGWL,0,HLA-A01:01,YFAMYQENMAHTDANTLYIIYRDYTWVARVYRGY
FELYKRTDI,0,HLA-B35:01,YYATYRNIFTNTYESNLYIRYDSYTWAVLAYLWY
LDPQARVAIKS,0,HLA-A01:01,YFAMYQENMAHTDANTLYIIYRDYTWVARVYRGY
GFSEQLEEQKP,0,HLA-A02:01,YFAMYGEKVAHTHVDTLYVRYHYYTWAVLAYTWY
KILTYPWD,0,HLA-B07:02,YYSEYRNIYAQTDESNLYLSYDYYTWAERAYEWY
LDFELTKTTA,0,HLA-A02:01,YFAMYGEKVAHTHVDTLYVRYHYYTWAVLAYTWY
TKGKRALTPPVSDL,0,HLA-A02:01,YFAMYGEKVAHTHVDTLYVRYHYYTWAVLAYTWY
NLLPAILSP,0,HLA-A02:01,YFAMYGEKVAHTHVDTLYVRYHYYTWAVLAYTWY
VVNHYFQTRHYLHT,0,HLA-B58:01,YYATYGENMASTYENIAYIRYDSYTWAVLAYLWY
TEAEQPFIP,0,HLA-A02:01,YFAMYGEKVAHTHVDTLYVRYHYYTWAVLAYTWY
RLHITPGEA,0,HLA-B35:01,YYATYRNIFTNTYESNLYIRYDSYTWAVLAYLWY
RPTAWFLPSI,0,HLA-A25:01,YYAMYRNNVAHTDESIAYIRYQDYTWAEWAYRWY
KLELLQRRFGG,0,HLA-B35:01,YYATYRNIFTNTYESNLYIRYDSYTWAVLAYLWY
ERQQREQRFLP,0,HLA-A02:01,YFAMYGEKVAHTHVDTLYVRYHYYTWAVLAYTWY
CSLYPGHLTGH,0,HLA-A02:01,YFAMYGEKVAHTHVDTLYVRYHYYTWAVLAYTWY
GHAVGIFRAAVCTR,0,HLA-A02:01,YFAMYGEKVAHTHVDTLYVRYHYYTWAVLAYTWY
GIHVRVSQPS,0,HLA-A68:01,YYAMYRNNVAQTDVDTLYIMYRDYTWAVWAYTWY
FALTLMYLSGMKI,0,HLA-A02:01,YFAMYGEKVAHTHVDTLYVRYHYYTWAVLAYTWY
QALPVWARPDY,0,HLA-A01:01,YFAMYQENMAHTDANTLYIIYRDYTWVARVYRGY
RDNFESAGPLAN,0,HLA-A02:01,YFAMYGEKVAHTHVDTLYVRYHYYTWAVLAYTWY
CGPWKLDAAWDGL,0,HLA-A01:01,YFAMYQENMAHTDANTLYIIYRDYTWVARVYRGY
AFHGLDVK,0,HLA-B35:03,YYATYRNIFTNTYESNLYIRYDFYTWAVLAYLWY
RVPNYNLYIMD,0,HLA-B07:02,YYSEYRNIYAQTDESNLYLSYDYYTWAERAYEWY
SVMLAKRP,0,HLA-A24:02,YSAMYEEKVAHTDENIAYLMFHYYTWAVQAYTGY
NEHLKCVSKRI,0,HLA-A02:01,YFAMYGEKVAHTHVDTLYVRYHYYTWAVLAYTWY
ERRPYTGNPQYSY,0,HLA-A02:01,YFAMYGEKVAHTHVDTLYVRYHYYTWAVLAYTWY
EYLKSKGLNKGN,0,HLA-A02:01,YFAMYGEKVAHTHVDTLYVRYHYYTWAVLAYTWY
KTFSVGTGNCTT,0,HLA-B40:01,YHTKYREISTNTYESNLYLRYNYYSLAVLAYEWY
FSCQRGYKGV,0,HLA-A02:01,YFAMYGEKVAHTHVDTLYVRYHYYTWAVLAYTWY
TPVGRLITANPVIT,0,HLA-B07:02,YYSEYRNIYAQTDESNLYLSYDYYTWAERAYEWY
TINVVDVNDN,0,HLA-A02:01,YFAMYGEKVAHTHVDTLYVRYHYYTWAVLAYTWY
GTGTTGETLG,0,HLA-A02:01,YFAMYGEKVAHTHVDTLYVRYHYYTWAVLAYTWY
PGVVAAEHE,0,HLA-A02:01,YFAMYGEKVAHTHVDTLYVRYHYYTWAVLAYTWY
IENSNTTF,0,HLA-B58:01,YYATYGENMASTYENIAYIRYDSYTWAVLAYLWY
AKGKLFSG,0,HLA-A01:01,YFAMYQENMAHTDANTLYIIYRDYTWVARVYRGY
EVLYREFDEME,0,HLA-A02:01,YFAMYGEKVAHTHVDTLYVRYHYYTWAVLAYTWY
EIRVGNNFAMEIN,0,HLA-A01:01,YFAMYQENMAHTDANTLYIIYRDYTWVARVYRGY
PSKAEISFEDRKD,0,HLA-A02:01,YFAMYGEKVAHTHVDTLYVRYHYYTWAVLAYTWY
AVPGKNVV,0,HLA-B35:03,YYATYRNIFTNTYESNLYIRYDFYTWAVLAYLWY
MDLKIDDLSRK,0,HLA-A11:01,YYAMYQENVAQTDVDTLYIIYRDYTWAAQAYRWY
MNNGGDAMYMAL,0,HLA-B35:03,YYATYRNIFTNTYESNLYIRYDFYTWAVLAYLWY
HVSCRVKLSALT,0,HLA-B35:03,YYATYRNIFTNTYESNLYIRYDFYTWAVLAYLWY
QVGEIKSQE,0,HLA-A02:01,YFAMYGEKVAHTHVDTLYVRYHYYTWAVLAYTWY
GSPNRGYKVRHKG,0,HLA-A02:01,YFAMYGEKVAHTHVDTLYVRYHYYTWAVLAYTWY
FELTKTTA,0,HLA-A02:01,YFAMYGEKVAHTHVDTLYVRYHYYTWAVLAYTWY
DVKGTGAESKD,0,HLA-B07:02,YYSEYRNIYAQTDESNLYLSYDYYTWAERAYEWY
RIKSEYMT,0,HLA-B38:01,YYSEYRNICTNTYENIAYLRYNFYTWAVLTYTWY
DPLKNDEDHAH,0,HLA-A02:01,YFAMYGEKVAHTHVDTLYVRYHYYTWAVLAYTWY
YMTSWFYDNDNPY,0,HLA-B38:01,YYSEYRNICTNTYENIAYLRYNFYTWAVLTYTWY
GSSDLYLVTRH,0,HLA-A02:01,YFAMYGEKVAHTHVDTLYVRYHYYTWAVLAYTWY
DREVAGSLG,0,HLA-B51:01,YYATYRNIFTNTYENIAYWTYNYYTWAELAYLWH
IYRYVTPGER,0,HLA-B51:01,YYATYRNIFTNTYENIAYWTYNYYTWAELAYLWH
DMETAFDGFWE,0,HLA-A02:01,YFAMYGEKVAHTHVDTLYVRYHYYTWAVLAYTWY
YAQQTRGLLGC,0,HLA-A02:01,YFAMYGEKVAHTHVDTLYVRYHYYTWAVLAYTWY
EKYDGAWKLV,0,HLA-A11:01,YYAMYQENVAQTDVDTLYIIYRDYTWAAQAYRWY
SATILMTATPP,0,HLA-C06:02,YDSGYREKYRQADVNKLYLWYDSYTWAEWAYTWY
DLWSQRNR,0,HLA-A02:01,YFAMYGEKVAHTHVDTLYVRYHYYTWAVLAYTWY
IRLKVFVLGG,0,HLA-A02:01,YFAMYGEKVAHTHVDTLYVRYHYYTWAVLAYTWY
QNNLLRAIEAQQHM,0,HLA-A03:01,YFAMYQENVAQTDVDTLYIIYRDYTWAELAYTWY
LEKALDCQIYG,0,HLA-A02:01,YFAMYGEKVAHTHVDTLYVRYHYYTWAVLAYTWY
KAYDEEVHNVWA,0,HLA-A03:01,YFAMYQENVAQTDVDTLYIIYRDYTWAELAYTWY
DIDCWCYGVENVRV,0,HLA-C06:02,YDSGYREKYRQADVNKLYLWYDSYTWAEWAYTWY
PDRPEGIEEEGGE,0,HLA-A03:01,YFAMYQENVAQTDVDTLYIIYRDYTWAELAYTWY
RRQEREQQLRHDR,0,HLA-A02:01,YFAMYGEKVAHTHVDTLYVRYHYYTWAVLAYTWY
KTTNRLVS,0,HLA-A24:02,YSAMYEEKVAHTDENIAYLMFHYYTWAVQAYTGY
LYPDYQIQATVMII,0,HLA-A02:01,YFAMYGEKVAHTHVDTLYVRYHYYTWAVLAYTWY
ALHTPVPSDQ,0,HLA-A02:01,YFAMYGEKVAHTHVDTLYVRYHYYTWAVLAYTWY
TSMQKTIPL,0,HLA-B35:03,YYATYRNIFTNTYESNLYIRYDFYTWAVLAYLWY
WISFKRENE,0,HLA-A02:01,YFAMYGEKVAHTHVDTLYVRYHYYTWAVLAYTWY
CYEASISDMASDS,0,HLA-B07:02,YYSEYRNIYAQTDESNLYLSYDYYTWAERAYEWY
EQYGSVSTNLQR,0,HLA-A01:01,YFAMYQENMAHTDANTLYIIYRDYTWVARVYRGY
FDPLRAEEDER,0,HLA-A02:01,YFAMYGEKVAHTHVDTLYVRYHYYTWAVLAYTWY
LALLTLSPYYK,0,HLA-A02:01,YFAMYGEKVAHTHVDTLYVRYHYYTWAVLAYTWY
IQTYTNVDQDLVGW,0,HLA-A02:01,YFAMYGEKVAHTHVDTLYVRYHYYTWAVLAYTWY
VRGYTKGGPGHE,0,HLA-B07:02,YYSEYRNIYAQTDESNLYLSYDYYTWAERAYEWY
TSHEHFGLLCP,0,HLA-A02:01,YFAMYGEKVAHTHVDTLYVRYHYYTWAVLAYTWY
SSILVNKYGSRIVM,0,HLA-A02:01,YFAMYGEKVAHTHVDTLYVRYHYYTWAVLAYTWY
KGAPTYNW,0,HLA-B08:01,YDSEYRNIFTNTDESNLYLSYNYYTWAVDAYTWY
ECTFGAKIGC,0,HLA-A11:01,YYAMYQENVAQTDVDTLYIIYRDYTWAAQAYRWY
NNPHMQDKTMVKKW,0,HLA-B35:03,YYATYRNIFTNTYESNLYIRYDFYTWAVLAYLWY
NDNPYRTWHYCGS,0,HLA-B35:01,YYATYRNIFTNTYESNLYIRYDSYTWAVLAYLWY
EAAASTASEPEDKS,0,HLA-A24:02,YSAMYEEKVAHTDENIAYLMFHYYTWAVQAYTGY
SLWLSSKPP,0,HLA-A02:01,YFAMYGEKVAHTHVDTLYVRYHYYTWAVLAYTWY
SEEGSRAYRN,0,HLA-B07:02,YYSEYRNIYAQTDESNLYLSYDYYTWAERAYEWY
EGRWDGEEEVQ,0,HLA-B07:02,YYSEYRNIYAQTDESNLYLSYDYYTWAERAYEWY
RLEEVNKEIDT,0,HLA-A02:01,YFAMYGEKVAHTHVDTLYVRYHYYTWAVLAYTWY
EKRVDMLHG,0,HLA-A29:02,YTAMYLQNVAQTDANTLYIMYRDYTWAVLAYTWY
GSANGKTLG,0,HLA-B35:01,YYATYRNIFTNTYESNLYIRYDSYTWAVLAYLWY
KRELNLLDKRQFEL,0,HLA-B35:01,YYATYRNIFTNTYESNLYIRYDSYTWAVLAYLWY
TGAMRVTKDTND,0,HLA-B38:01,YYSEYRNICTNTYENIAYLRYNFYTWAVLTYTWY
LAVGPAYSA,0,HLA-B38:01,YYSEYRNICTNTYENIAYLRYNFYTWAVLTYTWY
RVAAEEYVEVT,0,HLA-A02:01,YFAMYGEKVAHTHVDTLYVRYHYYTWAVLAYTWY
MDEAVSGWKFEI,0,HLA-A02:01,YFAMYGEKVAHTHVDTLYVRYHYYTWAVLAYTWY
YVYDHLTPL,0,HLA-A02:01,YFAMYGEKVAHTHVDTLYVRYHYYTWAVLAYTWY
KLHGGHVSCRV,0,HLA-B38:01,YYSEYRNICTNTYENIAYLRYNFYTWAVLTYTWY
FNISFRFPFTGI,0,HLA-A11:01,YYAMYQENVAQTDVDTLYIIYRDYTWAAQAYRWY
DPASIAARG,0,HLA-B07:02,YYSEYRNIYAQTDESNLYLSYDYYTWAERAYEWY
ATCQTHRPHPDA,0,HLA-B08:01,YDSEYRNIFTNTDESNLYLSYNYYTWAVDAYTWY
ATVTVISEKNEEE,0,HLA-A02:01,YFAMYGEKVAHTHVDTLYVRYHYYTWAVLAYTWY
GASTSAGRKRKS,0,HLA-A68:01,YYAMYRNNVAQTDVDTLYIMYRDYTWAVWAYTWY
LKLLNDFA,0,HLA-A03:01,YFAMYQENVAQTDVDTLYIIYRDYTWAELAYTWY
CVLIVVFLL,0,HLA-B07:02,YYSEYRNIYAQTDESNLYLSYDYYTWAERAYEWY
TVTPIRMQGGC,0,HLA-A02:01,YFAMYGEKVAHTHVDTLYVRYHYYTWAVLAYTWY
RLLTMARAVVDL,0,HLA-B35:01,YYATYRNIFTNTYESNLYIRYDSYTWAVLAYLWY
ELAEEEQEQARE,0,HLA-A02:01,YFAMYGEKVAHTHVDTLYVRYHYYTWAVLAYTWY
KTRYHSIYDVFEL,0,HLA-A03:01,YFAMYQENVAQTDVDTLYIIYRDYTWAELAYTWY
LLGSTQVGVG,0,HLA-B07:02,YYSEYRNIYAQTDESNLYLSYDYYTWAERAYEWY
NLQLINSNGSWHIN,0,HLA-B51:01,YYATYRNIFTNTYENIAYWTYNYYTWAELAYLWH
VNMLKRGVARVNPL,0,HLA-B07:02,YYSEYRNIYAQTDESNLYLSYDYYTWAERAYEWY
WDTRITEADLDD,0,HLA-C06:02,YDSGYREKYRQADVNKLYLWYDSYTWAEWAYTWY
MVQEGLKKRMTTK,0,HLA-B07:02,YYSEYRNIYAQTDESNLYLSYDYYTWAERAYEWY
LQSPKSSRSTIFV,0,HLA-A02:01,YFAMYGEKVAHTHVDTLYVRYHYYTWAVLAYTWY
LFRHLARE,0,HLA-A25:01,YYAMYRNNVAHTDESIAYIRYQDYTWAEWAYRWY
GGLTGLICVLCL,0,HLA-A02:01,YFAMYGEKVAHTHVDTLYVRYHYYTWAVLAYTWY
GARFLEFEALG,0,HLA-B07:02,YYSEYRNIYAQTDESNLYLSYDYYTWAERAYEWY
RDRYKYHP,0,HLA-B07:02,YYSEYRNIYAQTDESNLYLSYDYYTWAERAYEWY
QNSMMMAPGGPD,0,HLA-A02:01,YFAMYGEKVAHTHVDTLYVRYHYYTWAVLAYTWY
KMKKKTWLVHK,0,HLA-A02:01,YFAMYGEKVAHTHVDTLYVRYHYYTWAVLAYTWY
VGGHIAGSLAVVT,0,HLA-A02:01,YFAMYGEKVAHTHVDTLYVRYHYYTWAVLAYTWY
LGASAWLMWLSEIE,0,HLA-A01:01,YFAMYQENMAHTDANTLYIIYRDYTWVARVYRGY
KGKGSVKKNLPFVM,0,HLA-B07:02,YYSEYRNIYAQTDESNLYLSYDYYTWAERAYEWY
FIDQYYSSIKRF,0,HLA-A02:01,YFAMYGEKVAHTHVDTLYVRYHYYTWAVLAYTWY
VMGDTAWDFSSA,0,HLA-B40:01,YHTKYREISTNTYESNLYLRYNYYSLAVLAYEWY
PTDTGHGTVV,0,HLA-B40:01,YHTKYREISTNTYESNLYLRYNYYSLAVLAYEWY
VLDFHPGAG,0,HLA-B40:01,YHTKYREISTNTYESNLYLRYNYYSLAVLAYEWY
YKVEYTPYEEGLHS,0,HLA-A02:01,YFAMYGEKVAHTHVDTLYVRYHYYTWAVLAYTWY
SQSPSVSQLSV,0,HLA-A02:01,YFAMYGEKVAHTHVDTLYVRYHYYTWAVLAYTWY
PLDGPAPNGGFRR,0,HLA-A02:01,YFAMYGEKVAHTHVDTLYVRYHYYTWAVLAYTWY
EIVREAIKKRLRT,0,HLA-B07:02,YYSEYRNIYAQTDESNLYLSYDYYTWAERAYEWY
TPFGQQRVFKEKV,0,HLA-B35:03,YYATYRNIFTNTYESNLYIRYDFYTWAVLAYLWY
TILKDFSILL,0,HLA-A02:01,YFAMYGEKVAHTHVDTLYVRYHYYTWAVLAYTWY
ENWNTDIKTLK,0,HLA-B35:01,YYATYRNIFTNTYESNLYIRYDSYTWAVLAYLWY
LQPDYVKMVDTV,0,HLA-A02:01,YFAMYGEKVAHTHVDTLYVRYHYYTWAVLAYTWY
MVIFFMSPKGI,0,HLA-C06:02,YDSGYREKYRQADVNKLYLWYDSYTWAEWAYTWY
HDVIKQLPEA,0,HLA-B51:01,YYATYRNIFTNTYENIAYWTYNYYTWAELAYLWH
PLPPPKSPP,0,HLA-A01:01,YFAMYQENMAHTDANTLYIIYRDYTWVARVYRGY
GANLCVERV,0,HLA-A25:01,YYAMYRNNVAHTDESIAYIRYQDYTWAEWAYRWY
INGVCWTVYHGAG,0,HLA-A02:01,YFAMYGEKVAHTHVDTLYVRYHYYTWAVLAYTWY
MPSTEDLVNLL,0,HLA-A24:02,YSAMYEEKVAHTDENIAYLMFHYYTWAVQAYTGY
KMFFVKNPT,0,HLA-B40:01,YHTKYREISTNTYESNLYLRYNYYSLAVLAYEWY
KKLGEVSWEEE,0,HLA-C06:02,YDSGYREKYRQADVNKLYLWYDSYTWAEWAYTWY
IHASSYISPEKEEQ,0,HLA-A02:01,YFAMYGEKVAHTHVDTLYVRYHYYTWAVLAYTWY
AHLAEENEG,0,HLA-B40:01,YHTKYREISTNTYESNLYLRYNYYSLAVLAYEWY
TIDKFDQGWGP,0,HLA-A24:02,YSAMYEEKVAHTDENIAYLMFHYYTWAVQAYTGY
GENCGYRRCRASRV,0,HLA-A02:01,YFAMYGEKVAHTHVDTLYVRYHYYTWAVLAYTWY
VAIDRPAEVRKV,0,HLA-B35:03,YYATYRNIFTNTYESNLYIRYDFYTWAVLAYLWY
RSQSPRCRRS,0,HLA-A02:01,YFAMYGEKVAHTHVDTLYVRYHYYTWAVLAYTWY
NMVRRIIGDEEKYM,0,HLA-B07:02,YYSEYRNIYAQTDESNLYLSYDYYTWAERAYEWY
SMTGVMRGN,0,HLA-B38:01,YYSEYRNICTNTYENIAYLRYNFYTWAVLTYTWY
NAGKSTTNIMITT,0,HLA-A02:01,YFAMYGEKVAHTHVDTLYVRYHYYTWAVLAYTWY
PGHVSGHR,0,HLA-A24:02,YSAMYEEKVAHTDENIAYLMFHYYTWAVQAYTGY
DNACKRTYSDR,0,HLA-B38:01,YYSEYRNICTNTYENIAYLRYNFYTWAVLTYTWY
QEPLPNLMEAAR,0,HLA-A02:01,YFAMYGEKVAHTHVDTLYVRYHYYTWAVLAYTWY
QCSPDEIMAYAQK,0,HLA-A24:02,YSAMYEEKVAHTDENIAYLMFHYYTWAVQAYTGY
SSSVTEGE,0,HLA-B35:01,YYATYRNIFTNTYESNLYIRYDSYTWAVLAYLWY
MEECSQHFPYI,0,HLA-A02:01,YFAMYGEKVAHTHVDTLYVRYHYYTWAVLAYTWY
QLSPPITWPLLPH,0,HLA-A11:01,YYAMYQENVAQTDVDTLYIIYRDYTWAAQAYRWY
QRTFTDIGFWF,0,HLA-A02:01,YFAMYGEKVAHTHVDTLYVRYHYYTWAVLAYTWY
AIFMTATP,0,HLA-A01:01,YFAMYQENMAHTDANTLYIIYRDYTWVARVYRGY
YPMEIRPRKTHE,0,HLA-A25:01,YYAMYRNNVAHTDESIAYIRYQDYTWAEWAYRWY
GPTHNCASSSS,0,HLA-B58:01,YYATYGENMASTYENIAYIRYDSYTWAVLAYLWY
DGRGSLLSPRP,0,HLA-A02:01,YFAMYGEKVAHTHVDTLYVRYHYYTWAVLAYTWY
AMAVPRTDN,0,HLA-A01:01,YFAMYQENMAHTDANTLYIIYRDYTWVARVYRGY
SLETVAID,0,HLA-C06:02,YDSGYREKYRQADVNKLYLWYDSYTWAEWAYTWY
REALKRRL,0,HLA-A02:01,YFAMYGEKVAHTHVDTLYVRYHYYTWAVLAYTWY
HGILPFLV,0,HLA-A02:01,YFAMYGEKVAHTHVDTLYVRYHYYTWAVLAYTWY
LTARLNSLGEA,0,HLA-A02:01,YFAMYGEKVAHTHVDTLYVRYHYYTWAVLAYTWY
ASQPQALLVI,0,HLA-B35:01,YYATYRNIFTNTYESNLYIRYDSYTWAVLAYLWY
AGVDAETHVTGGN,0,HLA-A02:01,YFAMYGEKVAHTHVDTLYVRYHYYTWAVLAYTWY
MGKYNWVTTPTT,0,HLA-A02:01,YFAMYGEKVAHTHVDTLYVRYHYYTWAVLAYTWY
GGRKPARL,0,HLA-B51:01,YYATYRNIFTNTYENIAYWTYNYYTWAELAYLWH
CVERVLDCRT,0,HLA-C06:02,YDSGYREKYRQADVNKLYLWYDSYTWAEWAYTWY
EMTYKNKVVKV,0,HLA-A25:01,YYAMYRNNVAHTDESIAYIRYQDYTWAEWAYRWY
RELVRNCDLP,0,HLA-B40:01,YHTKYREISTNTYESNLYLRYNYYSLAVLAYEWY
SIVACAKFTCAK,0,HLA-C06:02,YDSGYREKYRQADVNKLYLWYDSYTWAEWAYTWY
TALRERFTPEI,0,HLA-B35:01,YYATYRNIFTNTYESNLYIRYDSYTWAVLAYLWY
VLMVVVIPEP,0,HLA-B07:02,YYSEYRNIYAQTDESNLYLSYDYYTWAERAYEWY
GKVRKDTQEWKP,0,HLA-B07:02,YYSEYRNIYAQTDESNLYLSYDYYTWAERAYEWY
EQKIAEWEHLSA,0,HLA-B35:01,YYATYRNIFTNTYESNLYIRYDSYTWAVLAYLWY
SEEKVPWDQVVMT,0,HLA-B38:01,YYSEYRNICTNTYENIAYLRYNFYTWAVLTYTWY
KTQRPAQGKSPKKK,0,HLA-A02:01,YFAMYGEKVAHTHVDTLYVRYHYYTWAVLAYTWY
NCRERKLIA,0,HLA-A02:01,YFAMYGEKVAHTHVDTLYVRYHYYTWAVLAYTWY
HGSQHSGMTVND,0,HLA-A01:01,YFAMYQENMAHTDANTLYIIYRDYTWVARVYRGY
DWENVPFC,0,HLA-A25:01,YYAMYRNNVAHTDESIAYIRYQDYTWAEWAYRWY
VKSEACQR,0,HLA-A02:01,YFAMYGEKVAHTHVDTLYVRYHYYTWAVLAYTWY
AEMEEALRGL,0,HLA-B07:02,YYSEYRNIYAQTDESNLYLSYDYYTWAERAYEWY
KNRFLMSAE,0,HLA-A02:01,YFAMYGEKVAHTHVDTLYVRYHYYTWAVLAYTWY
VPAEVWTKYGE,0,HLA-B07:02,YYSEYRNIYAQTDESNLYLSYDYYTWAERAYEWY
KNAKGDTEWLPPAH,0,HLA-B35:01,YYATYRNIFTNTYESNLYIRYDSYTWAVLAYLWY
RAAVCTRGVAKAVD,0,HLA-A02:01,YFAMYGEKVAHTHVDTLYVRYHYYTWAVLAYTWY
SAALAALAEQS,0,HLA-B08:01,YDSEYRNIFTNTDESNLYLSYNYYTWAVDAYTWY
ASAALGPLIEGNT,0,HLA-A25:01,YYAMYRNNVAHTDESIAYIRYQDYTWAEWAYRWY
REFSVNAGVTT,0,HLA-A02:01,YFAMYGEKVAHTHVDTLYVRYHYYTWAVLAYTWY
IGKMGFGMVT,0,HLA-B07:02,YYSEYRNIYAQTDESNLYLSYDYYTWAERAYEWY
DLFGKKNLI,0,HLA-B07:02,YYSEYRNIYAQTDESNLYLSYDYYTWAERAYEWY
WDGEEEVQLIAAV,0,HLA-A25:01,YYAMYRNNVAHTDESIAYIRYQDYTWAEWAYRWY
SKRIKLNDNDDE,0,HLA-B58:01,YYATYGENMASTYENIAYIRYDSYTWAVLAYLWY
SYDTRCFDSTVT,0,HLA-B08:01,YDSEYRNIFTNTDESNLYLSYNYYTWAVDAYTWY
ARVYHGID,0,HLA-A11:01,YYAMYQENVAQTDVDTLYIIYRDYTWAAQAYRWY
EALVEFKD,0,HLA-B07:02,YYSEYRNIYAQTDESNLYLSYDYYTWAERAYEWY
LYEKKLALY,0,HLA-C06:02,YDSGYREKYRQADVNKLYLWYDSYTWAEWAYTWY
KYPYIHKYDGDE,0,HLA-A03:01,YFAMYQENVAQTDVDTLYIIYRDYTWAELAYTWY
LRNLLLIV,0,HLA-A03:01,YFAMYQENVAQTDVDTLYIIYRDYTWAELAYTWY
EIAAIMQDSYM,0,HLA-A02:01,YFAMYGEKVAHTHVDTLYVRYHYYTWAVLAYTWY
AKDISFQNY,0,HLA-B58:01,YYATYGENMASTYENIAYIRYDSYTWAVLAYLWY
DGDSYYYSE,0,HLA-B40:01,YHTKYREISTNTYESNLYLRYNYYSLAVLAYEWY
VRLHRYAPACKPL,0,HLA-A02:01,YFAMYGEKVAHTHVDTLYVRYHYYTWAVLAYTWY
AYYSMQGNWAKVAI,0,HLA-B08:01,YDSEYRNIFTNTDESNLYLSYNYYTWAVDAYTWY
AILHTPGCV,0,HLA-A02:01,YFAMYGEKVAHTHVDTLYVRYHYYTWAVLAYTWY
VLASAALGPLIEG,0,HLA-A25:01,YYAMYRNNVAHTDESIAYIRYQDYTWAEWAYRWY
LARGSRDGVILLTS,0,HLA-B08:01,YDSEYRNIFTNTDESNLYLSYNYYTWAVDAYTWY
SGLGINAVAYYR,0,HLA-A24:02,YSAMYEEKVAHTDENIAYLMFHYYTWAVQAYTGY
IPYLGKREDLWCG,0,HLA-A02:01,YFAMYGEKVAHTHVDTLYVRYHYYTWAVLAYTWY
PEPEKQRS,0,HLA-A01:01,YFAMYQENMAHTDANTLYIIYRDYTWVARVYRGY
CEALEVMTLCFA,0,HLA-A02:01,YFAMYGEKVAHTHVDTLYVRYHYYTWAVLAYTWY
STATSLCNI,0,HLA-B07:02,YYSEYRNIYAQTDESNLYLSYDYYTWAERAYEWY
EEGKEELQEI,0,HLA-C06:02,YDSGYREKYRQADVNKLYLWYDSYTWAEWAYTWY
CLGQNSQSQIS,0,HLA-B58:01,YYATYGENMASTYENIAYIRYDSYTWAVLAYLWY
PISSILVNKYGS,0,HLA-A02:01,YFAMYGEKVAHTHVDTLYVRYHYYTWAVLAYTWY
DRGWGNGCG,0,HLA-B07:02,YYSEYRNIYAQTDESNLYLSYDYYTWAERAYEWY
ACLWMMLLIAQ,0,HLA-A02:01,YFAMYGEKVAHTHVDTLYVRYHYYTWAVLAYTWY
CGSVFLVGQ,0,HLA-A02:01,YFAMYGEKVAHTHVDTLYVRYHYYTWAVLAYTWY
FDPGALAEIAARRP,0,HLA-A02:01,YFAMYGEKVAHTHVDTLYVRYHYYTWAVLAYTWY
NSSGCPARLASC,0,HLA-B51:01,YYATYRNIFTNTYENIAYWTYNYYTWAELAYLWH
QGFIFFFLFNILT,0,HLA-C06:02,YDSGYREKYRQADVNKLYLWYDSYTWAEWAYTWY
YNWLHRRLAGQFLE,0,HLA-A02:01,YFAMYGEKVAHTHVDTLYVRYHYYTWAVLAYTWY
PPPQQPPTAPPS,0,HLA-A02:01,YFAMYGEKVAHTHVDTLYVRYHYYTWAVLAYTWY
GDTIPRGIEYIQH,0,HLA-A02:01,YFAMYGEKVAHTHVDTLYVRYHYYTWAVLAYTWY
ELGGERIL,0,HLA-A02:01,YFAMYGEKVAHTHVDTLYVRYHYYTWAVLAYTWY
IVLASAALGP,0,HLA-B38:01,YYSEYRNICTNTYENIAYLRYNFYTWAVLTYTWY
TPSNRTEG,0,HLA-A02:01,YFAMYGEKVAHTHVDTLYVRYHYYTWAVLAYTWY
RQERERKFLKEEQ,0,HLA-A02:01,YFAMYGEKVAHTHVDTLYVRYHYYTWAVLAYTWY
DERVSSDQSALSEF,0,HLA-A25:01,YYAMYRNNVAHTDESIAYIRYQDYTWAEWAYRWY
KCPCDPEM,0,HLA-B58:01,YYATYGENMASTYENIAYIRYDSYTWAVLAYLWY
WVALTPTLA,0,HLA-A24:02,YSAMYEEKVAHTDENIAYLMFHYYTWAVQAYTGY
WAKVLIVMLL,0,HLA-A24:02,YSAMYEEKVAHTDENIAYLMFHYYTWAVQAYTGY
PGLERATAGEVGQF,0,HLA-A02:01,YFAMYGEKVAHTHVDTLYVRYHYYTWAVLAYTWY
YSLECDPAVIG,0,HLA-B07:02,YYSEYRNIYAQTDESNLYLSYDYYTWAERAYEWY
PAEVWTKY,0,HLA-B07:02,YYSEYRNIYAQTDESNLYLSYDYYTWAERAYEWY
PAAPPLYATGRLS,0,HLA-A01:01,YFAMYQENMAHTDANTLYIIYRDYTWVARVYRGY
DMCGAVFLVGQAF,0,HLA-B08:01,YDSEYRNIFTNTDESNLYLSYNYYTWAVDAYTWY
MKTGRRGSANG,0,HLA-C06:02,YDSGYREKYRQADVNKLYLWYDSYTWAEWAYTWY
NLPYLVAYQAT,0,HLA-A01:01,YFAMYQENMAHTDANTLYIIYRDYTWVARVYRGY
DPKTVDLILE,0,HLA-A02:01,YFAMYGEKVAHTHVDTLYVRYHYYTWAVLAYTWY
GSGIRVDLGEDAE,0,HLA-A02:01,YFAMYGEKVAHTHVDTLYVRYHYYTWAVLAYTWY
KSHTLWTDGVE,0,HLA-B07:02,YYSEYRNIYAQTDESNLYLSYDYYTWAERAYEWY
GFCYLSHWKC,0,HLA-A03:01,YFAMYQENVAQTDVDTLYIIYRDYTWAELAYTWY
AVKGREAAHSD,0,HLA-B07:02,YYSEYRNIYAQTDESNLYLSYDYYTWAERAYEWY
DTIKLLRFCSWEN,0,HLA-A02:01,YFAMYGEKVAHTHVDTLYVRYHYYTWAVLAYTWY
DSPVEDEPEG,0,HLA-A02:01,YFAMYGEKVAHTHVDTLYVRYHYYTWAVLAYTWY
LACFAVYTTKEKA,0,HLA-B07:02,YYSEYRNIYAQTDESNLYLSYDYYTWAERAYEWY
KLEIDFGECP,0,HLA-A02:01,YFAMYGEKVAHTHVDTLYVRYHYYTWAVLAYTWY
VPRPELFTLSAQRL,0,HLA-B35:01,YYATYRNIFTNTYESNLYIRYDSYTWAVLAYLWY
NVPFCSHHFHELQ,0,HLA-B38:01,YYSEYRNICTNTYENIAYLRYNFYTWAVLTYTWY
TIMEDSVPAEVW,0,HLA-A01:01,YFAMYQENMAHTDANTLYIIYRDYTWVARVYRGY
EFWESVFTGLTHI,0,HLA-A02:01,YFAMYGEKVAHTHVDTLYVRYHYYTWAVLAYTWY
SPHHTALRQA,0,HLA-A02:01,YFAMYGEKVAHTHVDTLYVRYHYYTWAVLAYTWY
GCSRPGCDAP,0,HLA-B35:01,YYATYRNIFTNTYESNLYIRYDSYTWAVLAYLWY
SLQFDKEQMV,0,HLA-A02:01,YFAMYGEKVAHTHVDTLYVRYHYYTWAVLAYTWY
QTLTPVGRLIT,0,HLA-B07:02,YYSEYRNIYAQTDESNLYLSYDYYTWAERAYEWY
SVRSPTGSPSR,0,HLA-A02:01,YFAMYGEKVAHTHVDTLYVRYHYYTWAVLAYTWY
SSVTEGERTVRVLD,0,HLA-B07:02,YYSEYRNIYAQTDESNLYLSYDYYTWAERAYEWY
SPFRNGYME,0,HLA-A02:01,YFAMYGEKVAHTHVDTLYVRYHYYTWAVLAYTWY
HLHSGEELV,0,HLA-B35:01,YYATYRNIFTNTYESNLYIRYDSYTWAVLAYLWY
EALGTLPG,0,HLA-B07:02,YYSEYRNIYAQTDESNLYLSYDYYTWAERAYEWY
SRAIWYMWLGARY,0,HLA-B07:02,YYSEYRNIYAQTDESNLYLSYDYYTWAERAYEWY
TSGSPIINRKGKV,0,HLA-A02:01,YFAMYGEKVAHTHVDTLYVRYHYYTWAVLAYTWY
LLYPDYQIQ,0,HLA-A02:01,YFAMYGEKVAHTHVDTLYVRYHYYTWAVLAYTWY
NLVQIENLEYT,0,HLA-A02:01,YFAMYGEKVAHTHVDTLYVRYHYYTWAVLAYTWY
KDIRTEEEVYQC,0,HLA-B51:01,YYATYRNIFTNTYENIAYWTYNYYTWAELAYLWH
PIASTNDDEV,0,HLA-B40:01,YHTKYREISTNTYESNLYLRYNYYSLAVLAYEWY
DEYMYGGG,0,HLA-B07:02,YYSEYRNIYAQTDESNLYLSYDYYTWAERAYEWY
IELVTTTVSNMA,0,HLA-A01:01,YFAMYQENMAHTDANTLYIIYRDYTWVARVYRGY
APYIGAPLESLR,0,HLA-B51:01,YYATYRNIFTNTYENIAYWTYNYYTWAELAYLWH
VGLLGLITAN,0,HLA-B07:02,YYSEYRNIYAQTDESNLYLSYDYYTWAERAYEWY
RGRIGRNPNR,0,HLA-B35:01,YYATYRNIFTNTYESNLYIRYDSYTWAVLAYLWY
ATFEDEEAARKNF,0,HLA-A02:01,YFAMYGEKVAHTHVDTLYVRYHYYTWAVLAYTWY
LAGHIKNGSMR,0,HLA-B51:01,YYATYRNIFTNTYENIAYWTYNYYTWAELAYLWH
AETELPDD,0,HLA-A02:01,YFAMYGEKVAHTHVDTLYVRYHYYTWAVLAYTWY
LAQRRVFHGVAENP,0,HLA-B07:02,YYSEYRNIYAQTDESNLYLSYDYYTWAERAYEWY
FLSLGVGADQG,0,HLA-B07:02,YYSEYRNIYAQTDESNLYLSYDYYTWAERAYEWY
QLRQERDRKFRED,0,HLA-A02:01,YFAMYGEKVAHTHVDTLYVRYHYYTWAVLAYTWY
PGFTPPHGGLLG,0,HLA-B58:01,YYATYGENMASTYENIAYIRYDSYTWAVLAYLWY
WKDANTTLF,0,HLA-A03:01,YFAMYQENVAQTDVDTLYIIYRDYTWAELAYTWY
VWSLGVML,0,HLA-B35:01,YYATYRNIFTNTYESNLYIRYDSYTWAVLAYLWY
RTYGPVFMCLGG,0,HLA-B35:01,YYATYRNIFTNTYESNLYIRYDSYTWAVLAYLWY
PKGPVNQM,0,HLA-B51:01,YYATYRNIFTNTYENIAYWTYNYYTWAELAYLWH
VAMCRTPFSL,0,HLA-B35:03,YYATYRNIFTNTYESNLYIRYDFYTWAVLAYLWY
CHATFTSRLL,0,HLA-B07:02,YYSEYRNIYAQTDESNLYLSYDYYTWAERAYEWY
EASMLLDNMEVR,0,HLA-B07:02,YYSEYRNIYAQTDESNLYLSYDYYTWAERAYEWY
NDLGQPDSLFS,0,HLA-A02:01,YFAMYGEKVAHTHVDTLYVRYHYYTWAVLAYTWY
TNLKVQLIRMA,0,HLA-B38:01,YYSEYRNICTNTYENIAYLRYNFYTWAVLTYTWY
EDQRSDLK,0,HLA-A02:01,YFAMYGEKVAHTHVDTLYVRYHYYTWAVLAYTWY
VHRSPTGELLRI,0,HLA-B35:01,YYATYRNIFTNTYESNLYIRYDSYTWAVLAYLWY
YLMFLGGVKP,0,HLA-B35:01,YYATYRNIFTNTYESNLYIRYDSYTWAVLAYLWY
KGPWHSEEL,0,HLA-B07:02,YYSEYRNIYAQTDESNLYLSYDYYTWAERAYEWY
KNGSMRLAGPRK,0,HLA-B08:01,YDSEYRNIFTNTDESNLYLSYNYYTWAVDAYTWY
EFKLLSEEKV,0,HLA-B35:03,YYATYRNIFTNTYESNLYIRYDFYTWAVLAYLWY
KRYISWCL,0,HLA-A01:01,YFAMYQENMAHTDANTLYIIYRDYTWVARVYRGY
PEEEPDDQ,0,HLA-A02:01,YFAMYGEKVAHTHVDTLYVRYHYYTWAVLAYTWY
GQFLEELLFH,0,HLA-A02:01,YFAMYGEKVAHTHVDTLYVRYHYYTWAVLAYTWY
NLQNAKFG,0,HLA-B58:01,YYATYGENMASTYENIAYIRYDSYTWAVLAYLWY
SKSRLGPQPAQGQ,0,HLA-B58:01,YYATYGENMASTYENIAYIRYDSYTWAVLAYLWY
VWIEDNPNMTDKTP,0,HLA-A02:01,YFAMYGEKVAHTHVDTLYVRYHYYTWAVLAYTWY
LVLPSTNPG,0,HLA-A02:01,YFAMYGEKVAHTHVDTLYVRYHYYTWAVLAYTWY
PAVIGTAV,0,HLA-B07:02,YYSEYRNIYAQTDESNLYLSYDYYTWAERAYEWY
GQAEINYQF,0,HLA-A02:01,YFAMYGEKVAHTHVDTLYVRYHYYTWAVLAYTWY
PIPTTIMAKNEV,0,HLA-B08:01,YDSEYRNIFTNTDESNLYLSYNYYTWAVDAYTWY
AQLPETLETIMLL,0,HLA-A01:01,YFAMYQENMAHTDANTLYIIYRDYTWVARVYRGY
FVELMKRG,0,HLA-B07:02,YYSEYRNIYAQTDESNLYLSYDYYTWAERAYEWY
RAGITKVPYFV,0,HLA-A02:01,YFAMYGEKVAHTHVDTLYVRYHYYTWAVLAYTWY
KVPWDQVVMTS,0,HLA-B35:03,YYATYRNIFTNTYESNLYIRYDFYTWAVLAYLWY
DLGVPLLAM,0,HLA-A02:01,YFAMYGEKVAHTHVDTLYVRYHYYTWAVLAYTWY
AAVREALVTHGE,0,HLA-A02:01,YFAMYGEKVAHTHVDTLYVRYHYYTWAVLAYTWY
NGSLAEEDIV,0,HLA-A03:01,YFAMYQENVAQTDVDTLYIIYRDYTWAELAYTWY
GKVTLEADVILPIG,0,HLA-B35:03,YYATYRNIFTNTYESNLYIRYDFYTWAVLAYLWY
FCAVVIIGVL,0,HLA-B40:01,YHTKYREISTNTYESNLYLRYNYYSLAVLAYEWY
AEAAGRRL,0,HLA-B51:01,YYATYRNIFTNTYENIAYWTYNYYTWAELAYLWH
NWITKVIMGAV,0,HLA-B35:01,YYATYRNIFTNTYESNLYIRYDSYTWAVLAYLWY
AYGFQYSP,0,HLA-B08:01,YDSEYRNIFTNTDESNLYLSYNYYTWAVDAYTWY
LFNILTGKKIT,0,HLA-B07:02,YYSEYRNIYAQTDESNLYLSYDYYTWAERAYEWY
KGGRHLIFCH,0,HLA-A02:01,YFAMYGEKVAHTHVDTLYVRYHYYTWAVLAYTWY
PYLAFSAMLMAG,0,HLA-A02:01,YFAMYGEKVAHTHVDTLYVRYHYYTWAVLAYTWY
ACALVPPHS,0,HLA-B08:01,YDSEYRNIFTNTDESNLYLSYNYYTWAVDAYTWY
KIQYVIRAQLHV,0,HLA-B35:03,YYATYRNIFTNTYESNLYIRYDFYTWAVLAYLWY
QYGWKTWGKNLVFS,0,HLA-B35:03,YYATYRNIFTNTYESNLYIRYDFYTWAVLAYLWY
YVTPGERPSGI,0,HLA-B51:01,YYATYRNIFTNTYENIAYWTYNYYTWAELAYLWH
YDTEVHNVWATH,0,HLA-A03:01,YFAMYQENVAQTDVDTLYIIYRDYTWAELAYTWY
SLGAIVSCYGK,0,HLA-A02:01,YFAMYGEKVAHTHVDTLYVRYHYYTWAVLAYTWY
LTAVGLIC,0,HLA-B07:02,YYSEYRNIYAQTDESNLYLSYDYYTWAERAYEWY
QSGENFPYLVAYQ,0,HLA-A02:01,YFAMYGEKVAHTHVDTLYVRYHYYTWAVLAYTWY
KDAHAKRQTV,0,HLA-A01:01,YFAMYQENMAHTDANTLYIIYRDYTWVARVYRGY
TPMETVVDIFR,0,HLA-A02:01,YFAMYGEKVAHTHVDTLYVRYHYYTWAVLAYTWY
KPARLIVYPDLGV,0,HLA-B08:01,YDSEYRNIFTNTDESNLYLSYNYYTWAVDAYTWY
LFEKLEPMASILDP,0,HLA-A02:01,YFAMYGEKVAHTHVDTLYVRYHYYTWAVLAYTWY
LVKERVSKPPV,0,HLA-A02:01,YFAMYGEKVAHTHVDTLYVRYHYYTWAVLAYTWY
TAVTKEGKILLTNL,0,HLA-A02:01,YFAMYGEKVAHTHVDTLYVRYHYYTWAVLAYTWY
TPAFEWYYQ,0,HLA-B07:02,YYSEYRNIYAQTDESNLYLSYDYYTWAERAYEWY
GGLDGLIY,0,HLA-B07:02,YYSEYRNIYAQTDESNLYLSYDYYTWAERAYEWY
EFEALGFLNE,0,HLA-B40:01,YHTKYREISTNTYESNLYLRYNYYSLAVLAYEWY
YREEEEVQQEEE,0,HLA-A02:01,YFAMYGEKVAHTHVDTLYVRYHYYTWAVLAYTWY
KQKHPKKVKQ,0,HLA-A24:02,YSAMYEEKVAHTDENIAYLMFHYYTWAVQAYTGY
ERLYCGGP,0,HLA-B08:01,YDSEYRNIFTNTDESNLYLSYNYYTWAVDAYTWY
AGRSRRSRRAID,0,HLA-B35:01,YYATYRNIFTNTYESNLYIRYDSYTWAVLAYLWY
AIEERVERIKSEYM,0,HLA-B38:01,YYSEYRNICTNTYENIAYLRYNFYTWAVLTYTWY
CPLLVNTEPEDI,0,HLA-A02:01,YFAMYGEKVAHTHVDTLYVRYHYYTWAVLAYTWY
PGLPVCQDHLE,0,HLA-A02:01,YFAMYGEKVAHTHVDTLYVRYHYYTWAVLAYTWY
GGRHLIFCHS,0,HLA-B08:01,YDSEYRNIFTNTDESNLYLSYNYYTWAVDAYTWY
VQIASNENMEVMDS,0,HLA-B35:01,YYATYRNIFTNTYESNLYIRYDSYTWAVLAYLWY
SLGVGADQGCA,0,HLA-B38:01,YYSEYRNICTNTYENIAYLRYNFYTWAVLTYTWY
IIGILTLVSAV,0,HLA-B38:01,YYSEYRNICTNTYENIAYLRYNFYTWAVLTYTWY
PDDMRSACNKV,0,HLA-B37:01,YHSTYREISTNTYEDTLYIRSNFYTWAVDAYTWY
KTTRLGKYP,0,HLA-A02:01,YFAMYGEKVAHTHVDTLYVRYHYYTWAVLAYTWY
NIVDVQYLYGVGS,0,HLA-A01:01,YFAMYQENMAHTDANTLYIIYRDYTWVARVYRGY
SVAGRVDGLELKKL,0,HLA-C06:02,YDSGYREKYRQADVNKLYLWYDSYTWAEWAYTWY
GKTRRFLPQILAEC,0,HLA-B38:01,YYSEYRNICTNTYENIAYLRYNFYTWAVLTYTWY
AWETARHTPVNSWL,0,HLA-A02:01,YFAMYGEKVAHTHVDTLYVRYHYYTWAVLAYTWY
NRSIKNLVSQF,0,HLA-A11:01,YYAMYQENVAQTDVDTLYIIYRDYTWAAQAYRWY
RYSVDADLQL,0,HLA-B35:03,YYATYRNIFTNTYESNLYIRYDFYTWAVLAYLWY
AYCLSTGCVV,0,HLA-A01:01,YFAMYQENMAHTDANTLYIIYRDYTWVARVYRGY
SAVTEGLARAV,0,HLA-A02:01,YFAMYGEKVAHTHVDTLYVRYHYYTWAVLAYTWY
VWGSSRWL,0,HLA-A02:01,YFAMYGEKVAHTHVDTLYVRYHYYTWAVLAYTWY
DIGESSSS,0,HLA-B07:02,YYSEYRNIYAQTDESNLYLSYDYYTWAERAYEWY
SSGVMGGP,0,HLA-A02:01,YFAMYGEKVAHTHVDTLYVRYHYYTWAVLAYTWY
NTPTATTAN,0,HLA-A02:01,YFAMYGEKVAHTHVDTLYVRYHYYTWAVLAYTWY
IMDEAHFLDPAS,0,HLA-B07:02,YYSEYRNIYAQTDESNLYLSYDYYTWAERAYEWY
QWINEDCS,0,HLA-A24:02,YSAMYEEKVAHTDENIAYLMFHYYTWAVQAYTGY
CLYATFFPM,0,HLA-A01:01,YFAMYQENMAHTDANTLYIIYRDYTWVARVYRGY
IYQFKISPHPTI,0,HLA-B35:01,YYATYRNIFTNTYESNLYIRYDSYTWAVLAYLWY
PTGRTTWSIH,0,HLA-B07:02,YYSEYRNIYAQTDESNLYLSYDYYTWAERAYEWY
ARKAYCTP,0,HLA-A02:01,YFAMYGEKVAHTHVDTLYVRYHYYTWAVLAYTWY
RLTVSSLQ,0,HLA-A02:01,YFAMYGEKVAHTHVDTLYVRYHYYTWAVLAYTWY
VEFDLSGGR,0,HLA-B35:01,YYATYRNIFTNTYESNLYIRYDSYTWAVLAYLWY
VSATLEQDKCV,0,HLA-B35:01,YYATYRNIFTNTYESNLYIRYDSYTWAVLAYLWY
KDLAAMLRIINA,0,HLA-A01:01,YFAMYQENMAHTDANTLYIIYRDYTWVARVYRGY
ILDPGASQ,0,HLA-A02:01,YFAMYGEKVAHTHVDTLYVRYHYYTWAVLAYTWY
LRWLVERGYLQPYG,0,HLA-A01:01,YFAMYQENMAHTDANTLYIIYRDYTWVARVYRGY
LNPSVAATL,0,HLA-B08:01,YDSEYRNIFTNTDESNLYLSYNYYTWAVDAYTWY
TTLGVNKCHVQIM,0,HLA-B07:02,YYSEYRNIYAQTDESNLYLSYDYYTWAERAYEWY
IYTVTRNAG,0,HLA-B07:02,YYSEYRNIYAQTDESNLYLSYDYYTWAERAYEWY
KDREWCFTG,0,HLA-A02:01,YFAMYGEKVAHTHVDTLYVRYHYYTWAVLAYTWY
RAAGESCVAVYRAD,0,HLA-B35:01,YYATYRNIFTNTYESNLYIRYDSYTWAVLAYLWY
LHQNFKDTSMQK,0,HLA-A25:01,YYAMYRNNVAHTDESIAYIRYQDYTWAEWAYRWY
TTSNVLNISG,0,HLA-A29:02,YTAMYLQNVAQTDANTLYIMYRDYTWAVLAYTWY
IMLSVHGSQ,0,HLA-A01:01,YFAMYQENMAHTDANTLYIIYRDYTWVARVYRGY
KEDLVAYGG,0,HLA-B07:02,YYSEYRNIYAQTDESNLYLSYDYYTWAERAYEWY
NGVVIKNGSYVS,0,HLA-B07:02,YYSEYRNIYAQTDESNLYLSYDYYTWAERAYEWY
GVLAGLAF,0,HLA-C06:02,YDSGYREKYRQADVNKLYLWYDSYTWAEWAYTWY
IRNMEAEEVL,0,HLA-B07:02,YYSEYRNIYAQTDESNLYLSYDYYTWAERAYEWY
GAVMDIISRKDQ,0,HLA-A02:01,YFAMYGEKVAHTHVDTLYVRYHYYTWAVLAYTWY
ENLEYRIM,0,HLA-B07:02,YYSEYRNIYAQTDESNLYLSYDYYTWAERAYEWY
DRLIGAAAAAGSVG,0,HLA-B35:01,YYATYRNIFTNTYESNLYIRYDSYTWAVLAYLWY
ETRCGTGVF,0,HLA-B07:02,YYSEYRNIYAQTDESNLYLSYDYYTWAERAYEWY
FGCTWMNSTGFTK,0,HLA-A02:01,YFAMYGEKVAHTHVDTLYVRYHYYTWAVLAYTWY
ASVQAEANT,0,HLA-A02:01,YFAMYGEKVAHTHVDTLYVRYHYYTWAVLAYTWY
LIFFVLMVVV,0,HLA-B35:03,YYATYRNIFTNTYESNLYIRYDFYTWAVLAYLWY
YQYAELGKL,0,HLA-A02:01,YFAMYGEKVAHTHVDTLYVRYHYYTWAVLAYTWY
HIELGGKPALVP,0,HLA-B08:01,YDSEYRNIFTNTDESNLYLSYNYYTWAVDAYTWY
EFEPPHAATI,0,HLA-B40:01,YHTKYREISTNTYESNLYLRYNYYSLAVLAYEWY
RRGKMRFRR,0,HLA-A02:01,YFAMYGEKVAHTHVDTLYVRYHYYTWAVLAYTWY
VSMMIAMEVVL,0,HLA-A25:01,YYAMYRNNVAHTDESIAYIRYQDYTWAEWAYRWY
NGLAAVREA,0,HLA-A02:01,YFAMYGEKVAHTHVDTLYVRYHYYTWAVLAYTWY
RGRTPRRRTPSPR,0,HLA-A02:01,YFAMYGEKVAHTHVDTLYVRYHYYTWAVLAYTWY
VILSAHVATA,0,HLA-A02:01,YFAMYGEKVAHTHVDTLYVRYHYYTWAVLAYTWY
QEMENFLGPIAV,0,HLA-B40:01,YHTKYREISTNTYESNLYLRYNYYSLAVLAYEWY
PSFSDNSTP,0,HLA-B08:01,YDSEYRNIFTNTDESNLYLSYNYYTWAVDAYTWY
RPAEVRKVCY,0,HLA-C06:02,YDSGYREKYRQADVNKLYLWYDSYTWAEWAYTWY
LFTAGSAQNLQLIN,0,HLA-B51:01,YYATYRNIFTNTYENIAYWTYNYYTWAELAYLWH
HDDMFGDEKQD,0,HLA-A02:01,YFAMYGEKVAHTHVDTLYVRYHYYTWAVLAYTWY
GEITGEVRMPSGK,0,HLA-A02:01,YFAMYGEKVAHTHVDTLYVRYHYYTWAVLAYTWY
DPDNPDEGPSS,0,HLA-B08:01,YDSEYRNIFTNTDESNLYLSYNYYTWAVDAYTWY
SLSGIAQSAS,0,HLA-B38:01,YYSEYRNICTNTYENIAYLRYNFYTWAVLTYTWY
HTRPVCAH,0,HLA-A29:02,YTAMYLQNVAQTDANTLYIMYRDYTWAVLAYTWY
AENIKDTVN,0,HLA-A01:01,YFAMYQENMAHTDANTLYIIYRDYTWVARVYRGY
TQSLGGPP,0,HLA-A02:01,YFAMYGEKVAHTHVDTLYVRYHYYTWAVLAYTWY
APAYSIRCIGVSNR,0,HLA-B07:02,YYSEYRNIYAQTDESNLYLSYDYYTWAERAYEWY
NLIYCPDRD,0,HLA-A02:01,YFAMYGEKVAHTHVDTLYVRYHYYTWAVLAYTWY
IRDVNKEKVVGRV,0,HLA-A02:01,YFAMYGEKVAHTHVDTLYVRYHYYTWAVLAYTWY
NGCGLFGKGSIVAC,0,HLA-A25:01,YYAMYRNNVAHTDESIAYIRYQDYTWAEWAYRWY
TTDSGKVIPEW,0,HLA-B35:03,YYATYRNIFTNTYESNLYIRYDFYTWAVLAYLWY
SQEVEFIGYG,0,HLA-B07:02,YYSEYRNIYAQTDESNLYLSYDYYTWAERAYEWY
IFDSVSFDS,0,HLA-A02:01,YFAMYGEKVAHTHVDTLYVRYHYYTWAVLAYTWY
AMTRYSAPPGDLP,0,HLA-A02:01,YFAMYGEKVAHTHVDTLYVRYHYYTWAVLAYTWY
EKQQQRRERQDRVF,0,HLA-A02:01,YFAMYGEKVAHTHVDTLYVRYHYYTWAVLAYTWY
TILTLSPHYKSW,0,HLA-B51:01,YYATYRNIFTNTYENIAYWTYNYYTWAELAYLWH
WMIKETACLSK,0,HLA-B38:01,YYSEYRNICTNTYENIAYLRYNFYTWAVLTYTWY
EKYMDYLSTQVRYL,0,HLA-B07:02,YYSEYRNIYAQTDESNLYLSYDYYTWAERAYEWY
DGDSYYYSEPTS,0,HLA-C06:02,YDSGYREKYRQADVNKLYLWYDSYTWAEWAYTWY
PSINVHHYPSAAER,0,HLA-A02:01,YFAMYGEKVAHTHVDTLYVRYHYYTWAVLAYTWY
AYGPGIEPTGNM,0,HLA-A02:01,YFAMYGEKVAHTHVDTLYVRYHYYTWAVLAYTWY
MNVADATVTV,0,HLA-A02:01,YFAMYGEKVAHTHVDTLYVRYHYYTWAVLAYTWY
AHRQMDPAMFPG,0,HLA-A02:01,YFAMYGEKVAHTHVDTLYVRYHYYTWAVLAYTWY
PTKAPPVP,0,HLA-A02:01,YFAMYGEKVAHTHVDTLYVRYHYYTWAVLAYTWY
KEILLGPADSL,0,HLA-A24:02,YSAMYEEKVAHTDENIAYLMFHYYTWAVQAYTGY
CHRQISGDWQT,0,HLA-A02:01,YFAMYGEKVAHTHVDTLYVRYHYYTWAVLAYTWY
RDMRLLSLAVSS,0,HLA-B38:01,YYSEYRNICTNTYENIAYLRYNFYTWAVLTYTWY
TWQIEKASLIEVKT,0,HLA-A02:01,YFAMYGEKVAHTHVDTLYVRYHYYTWAVLAYTWY
WDRHDEGAAQ,0,HLA-A02:01,YFAMYGEKVAHTHVDTLYVRYHYYTWAVLAYTWY
DFKTWLQSKLL,0,HLA-A24:02,YSAMYEEKVAHTDENIAYLMFHYYTWAVQAYTGY
SPRDWQRLI,0,HLA-A01:01,YFAMYQENMAHTDANTLYIIYRDYTWVARVYRGY
GTGVFIYN,0,HLA-B07:02,YYSEYRNIYAQTDESNLYLSYDYYTWAERAYEWY
SWIVDRQWAQ,0,HLA-B07:02,YYSEYRNIYAQTDESNLYLSYDYYTWAERAYEWY
RKFREEEQ,0,HLA-A02:01,YFAMYGEKVAHTHVDTLYVRYHYYTWAVLAYTWY
YAHKFNSS,0,HLA-B51:01,YYATYRNIFTNTYENIAYWTYNYYTWAELAYLWH
ECFEPSMLKKKQLT,0,HLA-A01:01,YFAMYQENMAHTDANTLYIIYRDYTWVARVYRGY
MSGTKLEDSP,0,HLA-A02:01,YFAMYGEKVAHTHVDTLYVRYHYYTWAVLAYTWY
LPQVVMGS,0,HLA-A24:02,YSAMYEEKVAHTDENIAYLMFHYYTWAVQAYTGY
ACGDIIGGLPVSA,0,HLA-B51:01,YYATYRNIFTNTYENIAYWTYNYYTWAELAYLWH
ISKFDLENE,0,HLA-A01:01,YFAMYQENMAHTDANTLYIIYRDYTWVARVYRGY
FSRPGLPVEYLQV,0,HLA-B07:02,YYSEYRNIYAQTDESNLYLSYDYYTWAERAYEWY
PCRHQDELI,0,HLA-B07:02,YYSEYRNIYAQTDESNLYLSYDYYTWAERAYEWY
QSASVLSF,0,HLA-C06:02,YDSGYREKYRQADVNKLYLWYDSYTWAEWAYTWY
EKVPWDQVVMTSL,0,HLA-B35:01,YYATYRNIFTNTYESNLYIRYDSYTWAVLAYLWY
VRNGGEIGA,0,HLA-A25:01,YYAMYRNNVAHTDESIAYIRYQDYTWAEWAYRWY
SGARSNVTF,0,HLA-A25:01,YYAMYRNNVAHTDESIAYIRYQDYTWAEWAYRWY
ARQSKVYSRP,0,HLA-A02:01,YFAMYGEKVAHTHVDTLYVRYHYYTWAVLAYTWY
YVSGMTTDNLK,0,HLA-A02:01,YFAMYGEKVAHTHVDTLYVRYHYYTWAVLAYTWY
FEVFDVVRVHR,0,HLA-A01:01,YFAMYQENMAHTDANTLYIIYRDYTWVARVYRGY
HRHSNPEEEEWL,0,HLA-A02:01,YFAMYGEKVAHTHVDTLYVRYHYYTWAVLAYTWY
LLVLLLPQRAYA,0,HLA-B08:01,YDSEYRNIFTNTDESNLYLSYNYYTWAVDAYTWY
RPVADFATD,0,HLA-B07:02,YYSEYRNIYAQTDESNLYLSYDYYTWAERAYEWY
AEQMMRPDLFDCLC,0,HLA-A01:01,YFAMYQENMAHTDANTLYIIYRDYTWVARVYRGY
VKGGAPAKAEM,0,HLA-A02:01,YFAMYGEKVAHTHVDTLYVRYHYYTWAVLAYTWY
PGLEPSGNIANK,0,HLA-A02:01,YFAMYGEKVAHTHVDTLYVRYHYYTWAVLAYTWY
WNFISGVQY,0,HLA-B51:01,YYATYRNIFTNTYENIAYWTYNYYTWAELAYLWH
RGSFLILGG,0,HLA-A02:01,YFAMYGEKVAHTHVDTLYVRYHYYTWAVLAYTWY
SRLVVDFSQFSRG,0,HLA-B58:01,YYATYGENMASTYENIAYIRYDSYTWAVLAYLWY
RAAGLQDCT,0,HLA-A02:01,YFAMYGEKVAHTHVDTLYVRYHYYTWAVLAYTWY
LLVVLIPEPEKQ,0,HLA-B07:02,YYSEYRNIYAQTDESNLYLSYDYYTWAERAYEWY
LGLITANELGWLER,0,HLA-B07:02,YYSEYRNIYAQTDESNLYLSYDYYTWAERAYEWY
ADARVCACLWMML,0,HLA-A02:01,YFAMYGEKVAHTHVDTLYVRYHYYTWAVLAYTWY
SITGHVKNGSMR,0,HLA-B08:01,YDSEYRNIFTNTDESNLYLSYNYYTWAVDAYTWY
FLNSLAIHEK,1,HLA-A03:01,YFAMYQENVAQTDVDTLYIIYRDYTWAELAYTWY
RMILMTHFF,1,HLA-A24:02,YSAMYEEKVAHTDENIAYLMFHYYTWAVQAYTGY
SLFMILCTR,1,HLA-A11:01,YYAMYQENVAQTDVDTLYIIYRDYTWAAQAYRWY
FIFMIAEVV,1,HLA-A02:01,YFAMYGEKVAHTHVDTLYVRYHYYTWAVLAYTWY
RPALLVSFIF,1,HLA-B07:02,YYSEYRNIYAQTDESNLYLSYDYYTWAERAYEWY
FVYVFTTHL,1,HLA-A02:01,YFAMYGEKVAHTHVDTLYVRYHYYTWAVLAYTWY
ALYVDSLFFL,1,HLA-A02:01,YFAMYGEKVAHTHVDTLYVRYHYYTWAVLAYTWY
LMNGQQIFL,1,HLA-A02:01,YFAMYGEKVAHTHVDTLYVRYHYYTWAVLAYTWY
SLDPTTSPV,1,HLA-A02:01,YFAMYGEKVAHTHVDTLYVRYHYYTWAVLAYTWY
MPEAMTIVML,1,HLA-B35:03,YYATYRNIFTNTYESNLYIRYDFYTWAVLAYLWY
TILTIIGLI,1,HLA-A02:01,YFAMYGEKVAHTHVDTLYVRYHYYTWAVLAYTWY
HPSGYIREAL,1,HLA-B07:02,YYSEYRNIYAQTDESNLYLSYDYYTWAERAYEWY
LQPPDPVGL,1,HLA-A02:01,YFAMYGEKVAHTHVDTLYVRYHYYTWAVLAYTWY
TPNSPRAEA,1,HLA-B07:02,YYSEYRNIYAQTDESNLYLSYDYYTWAERAYEWY
MFNKGHFTR,1,HLA-A11:01,YYAMYQENVAQTDVDTLYIIYRDYTWAAQAYRWY
ALWALPHAA,1,HLA-A02:01,YFAMYGEKVAHTHVDTLYVRYHYYTWAVLAYTWY
TRRFLPQIL,1,HLA-C06:02,YDSGYREKYRQADVNKLYLWYDSYTWAEWAYTWY
SLDLAEQEL,1,HLA-A02:01,YFAMYGEKVAHTHVDTLYVRYHYYTWAVLAYTWY
LPLGACFPLL,1,HLA-A02:01,YFAMYGEKVAHTHVDTLYVRYHYYTWAVLAYTWY
VPFYGKAI,1,HLA-B51:01,YYATYRNIFTNTYENIAYWTYNYYTWAELAYLWH
KSHGKGYNW,1,HLA-B58:01,YYATYGENMASTYENIAYIRYDSYTWAVLAYLWY
MGSLEMVPM,1,HLA-B35:01,YYATYRNIFTNTYESNLYIRYDSYTWAVLAYLWY
STNVRSGMK,1,HLA-A03:01,YFAMYQENVAQTDVDTLYIIYRDYTWAELAYTWY
KIADPICTFI,1,HLA-A02:01,YFAMYGEKVAHTHVDTLYVRYHYYTWAVLAYTWY
HIAKSPFEV,1,HLA-A02:01,YFAMYGEKVAHTHVDTLYVRYHYYTWAVLAYTWY
VSTAPTGSWF,1,HLA-B58:01,YYATYGENMASTYENIAYIRYDSYTWAVLAYLWY
ELKRKMMYM,1,HLA-B08:01,YDSEYRNIFTNTDESNLYLSYNYYTWAVDAYTWY
VLLVFAICY,1,HLA-A02:01,YFAMYGEKVAHTHVDTLYVRYHYYTWAVLAYTWY
LLAGTLAGV,1,HLA-A02:01,YFAMYGEKVAHTHVDTLYVRYHYYTWAVLAYTWY
KTVDLILEL,1,HLA-A02:01,YFAMYGEKVAHTHVDTLYVRYHYYTWAVLAYTWY
GLAEDLAAL,1,HLA-A02:01,YFAMYGEKVAHTHVDTLYVRYHYYTWAVLAYTWY
TNDQSFNDY,1,HLA-A01:01,YFAMYQENMAHTDANTLYIIYRDYTWVARVYRGY
ALLKDTVYT,1,HLA-A02:01,YFAMYGEKVAHTHVDTLYVRYHYYTWAVLAYTWY
ITAEGKCYK,1,HLA-A03:01,YFAMYQENVAQTDVDTLYIIYRDYTWAELAYTWY
RPGCDAPAY,1,HLA-B35:01,YYATYRNIFTNTYESNLYIRYDSYTWAVLAYLWY
FMHNRLQYSL,1,HLA-A02:01,YFAMYGEKVAHTHVDTLYVRYHYYTWAVLAYTWY
AMAGSPVFL,1,HLA-A02:01,YFAMYGEKVAHTHVDTLYVRYHYYTWAVLAYTWY
MAYAQKIFKIL,1,HLA-A24:02,YSAMYEEKVAHTDENIAYLMFHYYTWAVQAYTGY
FLVDAIVRV,1,HLA-A02:01,YFAMYGEKVAHTHVDTLYVRYHYYTWAVLAYTWY
ALDAQAVEL,1,HLA-A02:01,YFAMYGEKVAHTHVDTLYVRYHYYTWAVLAYTWY
HPFALLLVL,1,HLA-B35:01,YYATYRNIFTNTYESNLYIRYDSYTWAVLAYLWY
SLSAVSVHIR,1,HLA-A11:01,YYAMYQENVAQTDVDTLYIIYRDYTWAAQAYRWY
TFHGAKEVSL,1,HLA-A24:02,YSAMYEEKVAHTDENIAYLMFHYYTWAVQAYTGY
MLWYTVYNI,1,HLA-A02:01,YFAMYGEKVAHTHVDTLYVRYHYYTWAVLAYTWY
YMANLILKY,1,HLA-A29:02,YTAMYLQNVAQTDANTLYIMYRDYTWAVLAYTWY
FTDALGIDEY,1,HLA-A01:01,YFAMYQENMAHTDANTLYIIYRDYTWVARVYRGY
LPILAALTPL,1,HLA-B07:02,YYSEYRNIYAQTDESNLYLSYDYYTWAERAYEWY
LPFERSTIM,1,HLA-B35:01,YYATYRNIFTNTYESNLYIRYDSYTWAVLAYLWY
YPFHDIEPS,1,HLA-B35:01,YYATYRNIFTNTYESNLYIRYDSYTWAVLAYLWY
KVLTPPITH,1,HLA-A11:01,YYAMYQENVAQTDVDTLYIIYRDYTWAAQAYRWY
SHDVLTVQF,1,HLA-B38:01,YYSEYRNICTNTYENIAYLRYNFYTWAVLTYTWY
YMLTNSELL,1,HLA-A02:01,YFAMYGEKVAHTHVDTLYVRYHYYTWAVLAYTWY
FLLENAAYL,1,HLA-A02:01,YFAMYGEKVAHTHVDTLYVRYHYYTWAVLAYTWY
ASFCGSPYSW,1,HLA-B58:01,YYATYGENMASTYENIAYIRYDSYTWAVLAYLWY
ADLMGYIPLV,1,HLA-A02:01,YFAMYGEKVAHTHVDTLYVRYHYYTWAVLAYTWY
SADNNNSEY,1,HLA-A01:01,YFAMYQENMAHTDANTLYIIYRDYTWVARVYRGY
TLAPQVEPL,1,HLA-A02:01,YFAMYGEKVAHTHVDTLYVRYHYYTWAVLAYTWY
RPMTYKGAL,1,HLA-B07:02,YYSEYRNIYAQTDESNLYLSYDYYTWAERAYEWY
TIYYGVPVWK,1,HLA-A03:01,YFAMYQENVAQTDVDTLYIIYRDYTWAELAYTWY
ALQAYDEGL,1,HLA-A02:01,YFAMYGEKVAHTHVDTLYVRYHYYTWAVLAYTWY
MMIEEYPYV,1,HLA-A02:01,YFAMYGEKVAHTHVDTLYVRYHYYTWAVLAYTWY
VTEQYGNLEK,1,HLA-A11:01,YYAMYQENVAQTDVDTLYIIYRDYTWAAQAYRWY
LPLMRKAYL,1,HLA-B07:02,YYSEYRNIYAQTDESNLYLSYDYYTWAERAYEWY
RPRYEIFVY,1,HLA-B35:01,YYATYRNIFTNTYESNLYIRYDSYTWAVLAYLWY
RTFDPHFLRV,1,HLA-A02:01,YFAMYGEKVAHTHVDTLYVRYHYYTWAVLAYTWY
TSAFVFPTK,1,HLA-A68:01,YYAMYRNNVAQTDVDTLYIMYRDYTWAVWAYTWY
YLDKQSDTQY,1,HLA-A01:01,YFAMYQENMAHTDANTLYIIYRDYTWVARVYRGY
RVKARMLTI,1,HLA-B08:01,YDSEYRNIFTNTDESNLYLSYNYYTWAVDAYTWY
LPEPLPQGQLTAY,1,HLA-B35:01,YYATYRNIFTNTYESNLYIRYDSYTWAVLAYLWY
GPSLIGLAM,1,HLA-B07:02,YYSEYRNIYAQTDESNLYLSYDYYTWAERAYEWY
CYDHAQTHL,1,HLA-A24:02,YSAMYEEKVAHTDENIAYLMFHYYTWAVQAYTGY
KLVKISDITK,1,HLA-A11:01,YYAMYQENVAQTDVDTLYIIYRDYTWAAQAYRWY
MIMQGGFSV,1,HLA-A02:01,YFAMYGEKVAHTHVDTLYVRYHYYTWAVLAYTWY
DLTSFLLSL,1,HLA-A02:01,YFAMYGEKVAHTHVDTLYVRYHYYTWAVLAYTWY
GLLHHAPSL,1,HLA-A02:01,YFAMYGEKVAHTHVDTLYVRYHYYTWAVLAYTWY
TIYYGVPVWR,1,HLA-A03:01,YFAMYQENVAQTDVDTLYIIYRDYTWAELAYTWY
VILLSLIAV,1,HLA-A02:01,YFAMYGEKVAHTHVDTLYVRYHYYTWAVLAYTWY
SMVGNWAKV,1,HLA-A02:01,YFAMYGEKVAHTHVDTLYVRYHYYTWAVLAYTWY
YPLIYFLFLPL,1,HLA-B35:01,YYATYRNIFTNTYESNLYIRYDSYTWAVLAYLWY
FLNSLAIHEK,1,HLA-A11:01,YYAMYQENVAQTDVDTLYIIYRDYTWAAQAYRWY
LYLQQNWWTL,1,HLA-A24:02,YSAMYEEKVAHTDENIAYLMFHYYTWAVQAYTGY
FIRMWNQAAL,1,HLA-A02:01,YFAMYGEKVAHTHVDTLYVRYHYYTWAVLAYTWY
SVIWMMWYW,1,HLA-B58:01,YYATYGENMASTYENIAYIRYDSYTWAVLAYLWY
KAFLTQLDEL,1,HLA-A02:01,YFAMYGEKVAHTHVDTLYVRYHYYTWAVLAYTWY
TVGCCDHLHR,1,HLA-A11:01,YYAMYQENVAQTDVDTLYIIYRDYTWAAQAYRWY
RPRKTHESHLV,1,HLA-B07:02,YYSEYRNIYAQTDESNLYLSYDYYTWAERAYEWY
STLPETTVI,1,HLA-A02:01,YFAMYGEKVAHTHVDTLYVRYHYYTWAVLAYTWY
VQYLGMLPV,1,HLA-A02:01,YFAMYGEKVAHTHVDTLYVRYHYYTWAVLAYTWY
IMSGEVPSM,1,HLA-A02:01,YFAMYGEKVAHTHVDTLYVRYHYYTWAVLAYTWY
YLAYRNQSL,1,HLA-A02:01,YFAMYGEKVAHTHVDTLYVRYHYYTWAVLAYTWY
FLFMYLVTV,1,HLA-A02:01,YFAMYGEKVAHTHVDTLYVRYHYYTWAVLAYTWY
VELGSGNSF,1,HLA-B37:01,YHSTYREISTNTYEDTLYIRSNFYTWAVDAYTWY
FPTKDVALR,1,HLA-A68:01,YYAMYRNNVAQTDVDTLYIMYRDYTWAVWAYTWY
EAMDTISVF,1,HLA-A25:01,YYAMYRNNVAHTDESIAYIRYQDYTWAEWAYRWY
FIDQYYSSI,1,HLA-A02:01,YFAMYGEKVAHTHVDTLYVRYHYYTWAVLAYTWY
QLGAFLTNV,1,HLA-A02:01,YFAMYGEKVAHTHVDTLYVRYHYYTWAVLAYTWY
ATDALMTGYT,1,HLA-A01:01,YFAMYQENMAHTDANTLYIIYRDYTWVARVYRGY
TQKCEIFNV,1,HLA-A02:01,YFAMYGEKVAHTHVDTLYVRYHYYTWAVLAYTWY
CEWPLTHTI,1,HLA-B40:01,YHTKYREISTNTYESNLYLRYNYYSLAVLAYEWY
KLVCSPAPC,1,HLA-A02:01,YFAMYGEKVAHTHVDTLYVRYHYYTWAVLAYTWY
