Epitope,Allele,Binder,HLA_pseudo_seq
VMLQAPLFT,HLA-A0201,0,YFAMYGEKVAHTHVDTLYVRYHYYTWAVLAYTWY
MLIVETAVM,HLA-A0201,0,YFAMYGEKVAHTHVDTLYVRYHYYTWAVLAYTWY
MLIVETAVML,HLA-A0201,0,YFAMYGEKVAHTHVDTLYVRYHYYTWAVLAYTWY
VMLQAPLFTA,HLA-A0201,0,YFAMYGEKVAHTHVDTLYVRYHYYTWAVLAYTWY
LLSECVHAL,HLA-A0201,0,YFAMYGEKVAHTHVDTLYVRYHYYTWAVLAYTWY
RLLSECVHA,HLA-A0201,0,YFAMYGEKVAHTHVDTLYVRYHYYTWAVLAYTWY
RLLSECVHAL,HLA-A0201,0,YFAMYGEKVAHTHVDTLYVRYHYYTWAVLAYTWY
TLGSYPICL,HLA-A0201,0,YFAMYGEKVAHTHVDTLYVRYHYYTWAVLAYTWY
LLFLGAGLFL,HLA-A0201,0,YFAMYGEKVAHTHVDTLYVRYHYYTWAVLAYTWY
FLGAGLFLYF,HLA-A0201,1,YFAMYGEKVAHTHVDTLYVRYHYYTWAVLAYTWY
FLSQKGQLYT,HLA-A0201,0,YFAMYGEKVAHTHVDTLYVRYHYYTWAVLAYTWY
PEGYHDPNCL,HLA-B4001,0,YHTKYREISTNTYESNLYLRYNYYSLAVLAYEWY
SESELKDYL,HLA-B4001,0,YHTKYREISTNTYESNLYLRYNYYSLAVLAYEWY
SELKDYLWQM,HLA-B4001,0,YHTKYREISTNTYESNLYLRYNYYSLAVLAYEWY
CLFPICSPA,HLA-A0201,0,YFAMYGEKVAHTHVDTLYVRYHYYTWAVLAYTWY
KTEESLFRI,HLA-A0201,0,YFAMYGEKVAHTHVDTLYVRYHYYTWAVLAYTWY
TMHTYKELI,HLA-A0201,0,YFAMYGEKVAHTHVDTLYVRYHYYTWAVLAYTWY
TTMHTYKEL,HLA-C0304,0,YYAGYREKYRQTDVSNLYIRYDYYTWAELAYLWY
MEMNGDEIAI,HLA-B4001,0,YHTKYREISTNTYESNLYLRYNYYSLAVLAYEWY
GIPDEVLESI,HLA-A0201,0,YFAMYGEKVAHTHVDTLYVRYHYYTWAVLAYTWY
QSFCPTPRR,HLA-A6801,0,YYAMYRNNVAQTDVDTLYIMYRDYTWAVWAYTWY
SLQSFCPTPR,HLA-A6801,0,YYAMYRNNVAQTDVDTLYIMYRDYTWAVWAYTWY
NIKQHQDEEK,HLA-A6801,0,YYAMYRNNVAQTDVDTLYIMYRDYTWAVWAYTWY
DLSLIQKNR,HLA-A6801,0,YYAMYRNNVAQTDVDTLYIMYRDYTWAVWAYTWY
IQKNRMALF,HLA-B1501,0,YYAMYREISTNTYESNLYLRYDSYTWAEWAYLWY
NVHRTKRTR,HLA-A6801,0,YYAMYRNNVAQTDVDTLYIMYRDYTWAVWAYTWY
TPNVHRTKR,HLA-A6801,0,YYAMYRNNVAQTDVDTLYIMYRDYTWAVWAYTWY
NTPNVHRTK,HLA-A6801,1,YYAMYRNNVAQTDVDTLYIMYRDYTWAVWAYTWY
EWVPEPPER,HLA-A6801,0,YYAMYRNNVAQTDVDTLYIMYRDYTWAVWAYTWY
EAALNNPKMY,HLA-A6801,0,YYAMYRNNVAQTDVDTLYIMYRDYTWAVWAYTWY
MTEMPNHLH,HLA-A6801,0,YYAMYRNNVAQTDVDTLYIMYRDYTWAVWAYTWY
PLAQIAKAW,HLA-A3201,0,YFAMYQENVAHTDESIAYIMYQDYTWAVLAYTWY
TEITLTWQR,HLA-A6801,0,YYAMYRNNVAQTDVDTLYIMYRDYTWAVWAYTWY
YTAVSRPGR,HLA-A6801,0,YYAMYRNNVAQTDVDTLYIMYRDYTWAVWAYTWY
RYFYTAVSR,HLA-A6801,0,YYAMYRNNVAQTDVDTLYIMYRDYTWAVWAYTWY
CSHSMRYFY,HLA-A6801,0,YYAMYRNNVAQTDVDTLYIMYRDYTWAVWAYTWY
FYTAVSRPGR,HLA-A6801,0,YYAMYRNNVAQTDVDTLYIMYRDYTWAVWAYTWY
MRYFYTAVSR,HLA-A6801,0,YYAMYRNNVAQTDVDTLYIMYRDYTWAVWAYTWY
AAKWKANLR,HLA-A6801,0,YYAMYRNNVAQTDVDTLYIMYRDYTWAVWAYTWY
DAAKWKANLR,HLA-A6801,0,YYAMYRNNVAQTDVDTLYIMYRDYTWAVWAYTWY
NACLFTIMK,HLA-A6801,0,YYAMYRNNVAQTDVDTLYIMYRDYTWAVWAYTWY
QESFAVVQDW,HLA-B4402,0,YYTKYREISTNTYENTAYIRYDDYTWAVDAYLSY
YQYMLDEQK,HLA-A6801,0,YYAMYRNNVAQTDVDTLYIMYRDYTWAVWAYTWY
ETPQETYTK,HLA-A6801,0,YYAMYRNNVAQTDVDTLYIMYRDYTWAVWAYTWY
TYTKVMNWK,HLA-A6801,0,YYAMYRNNVAQTDVDTLYIMYRDYTWAVWAYTWY
ETYTKVMNWK,HLA-A6801,0,YYAMYRNNVAQTDVDTLYIMYRDYTWAVWAYTWY
QETYTKVMNW,HLA-B4402,0,YYTKYREISTNTYENTAYIRYDDYTWAVDAYLSY
YLQESAFSH,HLA-B1501,0,YYAMYREISTNTYESNLYLRYDSYTWAEWAYLWY
QESAFSHSAF,HLA-B1501,0,YYAMYREISTNTYESNLYLRYDSYTWAEWAYLWY
LQLERINVY,HLA-B1501,0,YYAMYREISTNTYESNLYLRYDSYTWAEWAYLWY
LQLERINVYH,HLA-B1501,0,YYAMYREISTNTYESNLYLRYDSYTWAEWAYLWY
HLQLERINVY,HLA-B1501,0,YYAMYREISTNTYESNLYLRYDSYTWAEWAYLWY
YMEKQQELL,HLA-A0201,0,YFAMYGEKVAHTHVDTLYVRYHYYTWAVLAYTWY
RLDATQMAM,HLA-A0201,0,YFAMYGEKVAHTHVDTLYVRYHYYTWAVLAYTWY
RLDATQMAMI,HLA-A0201,0,YFAMYGEKVAHTHVDTLYVRYHYYTWAVLAYTWY
CPILRGPDGL,HLA-B5101,0,YYATYRNIFTNTYENIAYWTYNYYTWAELAYLWH
GLIWVVLIL,HLA-A0201,0,YFAMYGEKVAHTHVDTLYVRYHYYTWAVLAYTWY
ILDGRDGHEV,HLA-A0201,0,YFAMYGEKVAHTHVDTLYVRYHYYTWAVLAYTWY
IWVVLILDGR,HLA-A3101,0,YTAMYQENVAHIDVDTLYIMYQDYTWAVLAYTWY
TLSGVNFEL,HLA-A0201,0,YFAMYGEKVAHTHVDTLYVRYHYYTWAVLAYTWY
TLSGVNFELV,HLA-A0201,0,YFAMYGEKVAHTHVDTLYVRYHYYTWAVLAYTWY
STLSGVNFEL,HLA-A0201,0,YFAMYGEKVAHTHVDTLYVRYHYYTWAVLAYTWY
FTGPCPMEI,HLA-A0201,0,YFAMYGEKVAHTHVDTLYVRYHYYTWAVLAYTWY
CPMEIERIKI,HLA-B5101,0,YYATYRNIFTNTYENIAYWTYNYYTWAELAYLWH
SLATAQIAR,HLA-A3101,0,YTAMYQENVAHIDVDTLYIMYQDYTWAVLAYTWY
ALGSLATAQI,HLA-A0201,0,YFAMYGEKVAHTHVDTLYVRYHYYTWAVLAYTWY
SCYWFGNCRK,HLA-A3101,0,YTAMYQENVAHIDVDTLYIMYQDYTWAVLAYTWY
PSCYWFGNCR,HLA-A3101,0,YTAMYQENVAHIDVDTLYIMYQDYTWAVLAYTWY
FYNQEEYVR,HLA-A3101,0,YTAMYQENVAHIDVDTLYIMYQDYTWAVLAYTWY
YFYNQEEYVR,HLA-A3101,0,YTAMYQENVAHIDVDTLYIMYQDYTWAVLAYTWY
LLAVVDLIV,HLA-A0201,0,YFAMYGEKVAHTHVDTLYVRYHYYTWAVLAYTWY
QLLAVVDLI,HLA-A0201,0,YFAMYGEKVAHTHVDTLYVRYHYYTWAVLAYTWY
QLLAVVDLIV,HLA-A0201,0,YFAMYGEKVAHTHVDTLYVRYHYYTWAVLAYTWY
MPEPGIYHGI,HLA-B5101,0,YYATYRNIFTNTYENIAYWTYNYYTWAELAYLWH
KLVRDETPL,HLA-A0201,0,YFAMYGEKVAHTHVDTLYVRYHYYTWAVLAYTWY
KLVRDETPLI,HLA-A0201,0,YFAMYGEKVAHTHVDTLYVRYHYYTWAVLAYTWY
RIPSSDCLPR,HLA-A3101,0,YTAMYQENVAHIDVDTLYIMYQDYTWAVLAYTWY
LPAPPDGPEV,HLA-B5101,0,YYATYRNIFTNTYENIAYWTYNYYTWAELAYLWH
RFFRIPFVR,HLA-A3101,0,YTAMYQENVAHIDVDTLYIMYQDYTWAVLAYTWY
QRFFRIPFVR,HLA-A3101,0,YTAMYQENVAHIDVDTLYIMYQDYTWAVLAYTWY
VFVGMNLTR,HLA-A3101,0,YTAMYQENVAHIDVDTLYIMYQDYTWAVLAYTWY
AQFIGPLVFV,HLA-A0201,0,YFAMYGEKVAHTHVDTLYVRYHYYTWAVLAYTWY
FIGPLVFVGM,HLA-A0201,0,YFAMYGEKVAHTHVDTLYVRYHYYTWAVLAYTWY
LVFVGMNLTR,HLA-A3101,0,YTAMYQENVAHIDVDTLYIMYQDYTWAVLAYTWY
LMTRETWEV,HLA-A0201,0,YFAMYGEKVAHTHVDTLYVRYHYYTWAVLAYTWY
SLMTRETWEV,HLA-A0201,0,YFAMYGEKVAHTHVDTLYVRYHYYTWAVLAYTWY
LARESSLMTR,HLA-A3101,0,YTAMYQENVAHIDVDTLYIMYQDYTWAVLAYTWY
LFAALTFFL,HLA-A0201,0,YFAMYGEKVAHTHVDTLYVRYHYYTWAVLAYTWY
KVTKILFAA,HLA-A0201,0,YFAMYGEKVAHTHVDTLYVRYHYYTWAVLAYTWY
ILFAALTFFL,HLA-A0201,0,YFAMYGEKVAHTHVDTLYVRYHYYTWAVLAYTWY
KVTKILFAAL,HLA-A0201,0,YFAMYGEKVAHTHVDTLYVRYHYYTWAVLAYTWY
QKKPFEEYWR,HLA-A3101,0,YTAMYQENVAHIDVDTLYIMYQDYTWAVLAYTWY
WQRSQHSYK,HLA-A3101,0,YTAMYQENVAHIDVDTLYIMYQDYTWAVLAYTWY
RWQRSQHSYK,HLA-A3101,0,YTAMYQENVAHIDVDTLYIMYQDYTWAVLAYTWY
HSYKCHLVLR,HLA-A3101,0,YTAMYQENVAHIDVDTLYIMYQDYTWAVLAYTWY
LIVFAQLSV,HLA-A0201,0,YFAMYGEKVAHTHVDTLYVRYHYYTWAVLAYTWY
IPDEVKLIV,HLA-B5101,0,YYATYRNIFTNTYENIAYWTYNYYTWAELAYLWH
KLIVFAQLSV,HLA-A0201,0,YFAMYGEKVAHTHVDTLYVRYHYYTWAVLAYTWY
IPDEVKLIVF,HLA-B5101,0,YYATYRNIFTNTYENIAYWTYNYYTWAELAYLWH
HVFPETSFI,HLA-A0201,0,YFAMYGEKVAHTHVDTLYVRYHYYTWAVLAYTWY
FPETSFIAV,HLA-B5101,0,YYATYRNIFTNTYENIAYWTYNYYTWAELAYLWH
FPETSFIAVT,HLA-B5101,0,YYATYRNIFTNTYENIAYWTYNYYTWAELAYLWH
ALAISPDSMV,HLA-A0201,0,YFAMYGEKVAHTHVDTLYVRYHYYTWAVLAYTWY
RVGACPGRDR,HLA-A3101,0,YTAMYQENVAHIDVDTLYIMYQDYTWAVLAYTWY
RANPGKRGK,HLA-A3101,0,YTAMYQENVAHIDVDTLYIMYQDYTWAVLAYTWY
RLSEDSKVQI,HLA-A0201,0,YFAMYGEKVAHTHVDTLYVRYHYYTWAVLAYTWY
YTFAYRTKL,HLA-A0201,0,YFAMYGEKVAHTHVDTLYVRYHYYTWAVLAYTWY
FAYRTKLER,HLA-A3101,0,YTAMYQENVAHIDVDTLYIMYQDYTWAVLAYTWY
TFAYRTKLER,HLA-A3101,0,YTAMYQENVAHIDVDTLYIMYQDYTWAVLAYTWY
CSYTFAYRTK,HLA-A3101,0,YTAMYQENVAHIDVDTLYIMYQDYTWAVLAYTWY
DSFKKVTLR,HLA-A3101,0,YTAMYQENVAHIDVDTLYIMYQDYTWAVLAYTWY
SFKKVTLRR,HLA-A3101,0,YTAMYQENVAHIDVDTLYIMYQDYTWAVLAYTWY
KDSFKKVTLR,HLA-A3101,0,YTAMYQENVAHIDVDTLYIMYQDYTWAVLAYTWY
DSFKKVTLRR,HLA-A3101,0,YTAMYQENVAHIDVDTLYIMYQDYTWAVLAYTWY
KKVTLRRYEK,HLA-A3101,0,YTAMYQENVAHIDVDTLYIMYQDYTWAVLAYTWY
TLFNGLSCK,HLA-A0301,0,YFAMYQENVAQTDVDTLYIIYRDYTWAELAYTWY
ITLFNGLSCK,HLA-A0301,0,YFAMYQENVAQTDVDTLYIIYRDYTWAELAYTWY
EWHDAISRK,HLA-B3801,0,YYSEYRNICTNTYENIAYLRYNFYTWAVLTYTWY
WHDAISRKT,HLA-B3801,0,YYSEYRNICTNTYENIAYLRYNFYTWAVLTYTWY
WHDAISRKTF,HLA-B3801,0,YYSEYRNICTNTYENIAYLRYNFYTWAVLTYTWY
LTQHEMIFK,HLA-A0301,0,YFAMYQENVAQTDVDTLYIIYRDYTWAELAYTWY
TQHEMIFKR,HLA-A3101,0,YTAMYQENVAHIDVDTLYIMYQDYTWAVLAYTWY
QHEMIFKRL,HLA-B3801,0,YYSEYRNICTNTYENIAYLRYNFYTWAVLTYTWY
TLTQHEMIFK,HLA-A0301,0,YFAMYQENVAQTDVDTLYIIYRDYTWAELAYTWY
LTQHEMIFKR,HLA-A3101,0,YTAMYQENVAHIDVDTLYIMYQDYTWAVLAYTWY
LLLEVDLRY,HLA-B1501,0,YYAMYREISTNTYESNLYLRYDSYTWAEWAYLWY
GLRTTGQLR,HLA-A3101,0,YTAMYQENVAHIDVDTLYIMYQDYTWAVLAYTWY
GFTDRREDR,HLA-A3101,0,YTAMYQENVAHIDVDTLYIMYQDYTWAVLAYTWY
ASVPSAATF,HLA-B1501,0,YYAMYREISTNTYESNLYLRYDSYTWAEWAYLWY
LASVPSAATF,HLA-B1501,0,YYAMYREISTNTYESNLYLRYDSYTWAEWAYLWY
VIHSPKGKK,HLA-A0301,0,YFAMYQENVAQTDVDTLYIIYRDYTWAELAYTWY
VINEVIHSPK,HLA-A0301,0,YFAMYQENVAQTDVDTLYIIYRDYTWAELAYTWY
VIHSPKGKKR,HLA-A3101,0,YTAMYQENVAHIDVDTLYIMYQDYTWAVLAYTWY
TISAYKAPR,HLA-A3101,0,YTAMYQENVAHIDVDTLYIMYQDYTWAVLAYTWY
RTISAYKAPR,HLA-A0301,0,YFAMYQENVAQTDVDTLYIIYRDYTWAELAYTWY
ISAYKAPRDK,HLA-A0301,0,YFAMYQENVAQTDVDTLYIIYRDYTWAELAYTWY
RTISAYKAPR,HLA-A3101,0,YTAMYQENVAHIDVDTLYIMYQDYTWAVLAYTWY
GSIRISSMR,HLA-A3101,0,YTAMYQENVAHIDVDTLYIMYQDYTWAVLAYTWY
ISSMRFCPF,HLA-B1501,0,YYAMYREISTNTYESNLYLRYDSYTWAEWAYLWY
RISSMRFCPF,HLA-A3101,0,YTAMYQENVAHIDVDTLYIMYQDYTWAVLAYTWY
SVKDTFLQQK,HLA-A0301,0,YFAMYQENVAQTDVDTLYIIYRDYTWAELAYTWY
PYLNWTIER,HLA-A3101,0,YTAMYQENVAHIDVDTLYIMYQDYTWAVLAYTWY
KLFLEFKIR,HLA-A0301,0,YFAMYQENVAQTDVDTLYIIYRDYTWAELAYTWY
KLFLEFKIR,HLA-A3101,0,YTAMYQENVAHIDVDTLYIMYQDYTWAVLAYTWY
RLNRNGDFK,HLA-A0301,0,YFAMYQENVAQTDVDTLYIIYRDYTWAELAYTWY
RLNRNGDFK,HLA-A3101,0,YTAMYQENVAHIDVDTLYIMYQDYTWAVLAYTWY
TEDDAKTVT,HLA-B3801,0,YYSEYRNICTNTYENIAYLRYNFYTWAVLTYTWY
SLYDNIMLH,HLA-A0301,0,YFAMYQENVAQTDVDTLYIIYRDYTWAELAYTWY
LVKFLEFER,HLA-A3101,0,YTAMYQENVAHIDVDTLYIMYQDYTWAVLAYTWY
SLVKFLEFER,HLA-A3101,0,YTAMYQENVAHIDVDTLYIMYQDYTWAVLAYTWY
NQMAGLGPR,HLA-A3101,0,YTAMYQENVAHIDVDTLYIMYQDYTWAVLAYTWY
QMAGLGPRF,HLA-B1501,0,YYAMYREISTNTYESNLYLRYDSYTWAEWAYLWY
NQMAGLGPRF,HLA-B1501,0,YYAMYREISTNTYESNLYLRYDSYTWAEWAYLWY
ILCVTTADPY,HLA-B1501,0,YYAMYREISTNTYESNLYLRYDSYTWAEWAYLWY
PLYLALAQRK,HLA-A0301,0,YFAMYQENVAQTDVDTLYIIYRDYTWAELAYTWY
LALAQRKEER,HLA-A3101,0,YTAMYQENVAHIDVDTLYIMYQDYTWAVLAYTWY
KPLYLALAQR,HLA-A3101,0,YTAMYQENVAHIDVDTLYIMYQDYTWAVLAYTWY
MWKCQNMIR,HLA-A3101,0,YTAMYQENVAHIDVDTLYIMYQDYTWAVLAYTWY
CQNMIRSHVR,HLA-A3101,0,YTAMYQENVAHIDVDTLYIMYQDYTWAVLAYTWY
EMWKCQNMIR,HLA-A3101,0,YTAMYQENVAHIDVDTLYIMYQDYTWAVLAYTWY
LLRCSKECLK,HLA-A0301,0,YFAMYQENVAQTDVDTLYIIYRDYTWAELAYTWY
ENDPIQGPV,HLA-B3801,0,YYSEYRNICTNTYENIAYLRYNFYTWAVLTYTWY
HSASTPETR,HLA-A3101,0,YTAMYQENVAHIDVDTLYIMYQDYTWAVLAYTWY
RVRAMAICK,HLA-A0301,0,YFAMYQENVAQTDVDTLYIIYRDYTWAELAYTWY
RVRAMAICK,HLA-A3101,0,YTAMYQENVAHIDVDTLYIMYQDYTWAVLAYTWY
KVTQSDLSDR,HLA-A3101,0,YTAMYQENVAHIDVDTLYIMYQDYTWAVLAYTWY
WQGEGDGQSF,HLA-B1501,0,YYAMYREISTNTYESNLYLRYDSYTWAEWAYLWY
LQFLTPLGEY,HLA-B1501,0,YYAMYREISTNTYESNLYLRYDSYTWAEWAYLWY
AQLVALLVF,HLA-B1501,0,YYAMYREISTNTYESNLYLRYDSYTWAEWAYLWY
KLSEHIRVH,HLA-A0301,0,YFAMYQENVAQTDVDTLYIIYRDYTWAELAYTWY
KQCKLSEHIR,HLA-A3101,0,YTAMYQENVAHIDVDTLYIMYQDYTWAVLAYTWY
YMIHIIEKW,HLA-C0602,0,YDSGYREKYRQADVNKLYLWYDSYTWAEWAYTWY
DYMIHIIEKW,HLA-A2301,1,YSAMYEEKVAHTDENIAYLMFHYYTWAVLAYTGY
TYEHIQTSL,HLA-A2301,0,YSAMYEEKVAHTDENIAYLMFHYYTWAVLAYTGY
EEYWRKHTL,HLA-B1402,0,YYSEYRNICTNTDESNLYLWYNFYTWAELAYTWH
KWLSVEYIL,HLA-A2301,0,YSAMYEEKVAHTDENIAYLMFHYYTWAVLAYTGY
VTVTMGEKF,HLA-A2301,0,YSAMYEEKVAHTDENIAYLMFHYYTWAVLAYTGY
FVQPPMISF,HLA-A2301,0,YSAMYEEKVAHTDENIAYLMFHYYTWAVLAYTGY
KFVQPPMISF,HLA-A2301,0,YSAMYEEKVAHTDENIAYLMFHYYTWAVLAYTGY
EEQRYTCHM,HLA-B4403,0,YYTKYREISTNTYENTAYIRYDDYTWAVLAYLSY
NLLVCSVNGF,HLA-A2301,0,YSAMYEEKVAHTDENIAYLMFHYYTWAVLAYTGY
RYFYTAMSR,HLA-A2301,0,YSAMYEEKVAHTDENIAYLMFHYYTWAVLAYTGY
MLDQELAKF,HLA-C0401,0,YSAGYREKYRQADVNKLYLRFNFYTWAERAYTWY
RMLDQELAKF,HLA-A2301,0,YSAMYEEKVAHTDENIAYLMFHYYTWAVLAYTGY
LYHSGTVLL,HLA-A2301,0,YSAMYEEKVAHTDENIAYLMFHYYTWAVLAYTGY
FTLEQHLGQF,HLA-A2301,0,YSAMYEEKVAHTDENIAYLMFHYYTWAVLAYTGY
TYHGDSHLPL,HLA-A2301,0,YSAMYEEKVAHTDENIAYLMFHYYTWAVLAYTGY
TYHGDSHLPL,HLA-C0702,0,YDSGYREKYRQADVSNLYLRSDSYTLAALAYTWY
DLLLQCLYLF,HLA-A2301,0,YSAMYEEKVAHTDENIAYLMFHYYTWAVLAYTGY
AESGLPDLLL,HLA-B4403,0,YYTKYREISTNTYENTAYIRYDDYTWAVLAYLSY
AAAKAKNIPK,HLA-A0301,0,YFAMYQENVAQTDVDTLYIIYRDYTWAELAYTWY
TLSASAAWV,HLA-A0201,0,YFAMYGEKVAHTHVDTLYVRYHYYTWAVLAYTWY
AVHPSSPPV,HLA-A0201,0,YFAMYGEKVAHTHVDTLYVRYHYYTWAVLAYTWY
SAAWAVHPS,HLA-B3501,1,YYATYRNIFTNTYESNLYIRYDSYTWAVLAYLWY
ATLSASAAWV,HLA-A0201,0,YFAMYGEKVAHTHVDTLYVRYHYYTWAVLAYTWY
TLSASAAWAV,HLA-A0201,1,YFAMYGEKVAHTHVDTLYVRYHYYTWAVLAYTWY
NLARFCWYL,HLA-A0201,0,YFAMYGEKVAHTHVDTLYVRYHYYTWAVLAYTWY
YPAKTQPLQH,HLA-B3501,0,YYATYRNIFTNTYESNLYIRYDSYTWAVLAYLWY
ALSFYPAEI,HLA-A0201,0,YFAMYGEKVAHTHVDTLYVRYHYYTWAVLAYTWY
TYHGDSHLPL,HLA-A2301,0,YSAMYEEKVAHTDENIAYLMFHYYTWAVLAYTGY
TYHGDSHLPL,HLA-C0702,0,YDSGYREKYRQADVSNLYLRSDSYTLAALAYTWY
AAAKAKNIPK,HLA-A0301,0,YFAMYQENVAQTDVDTLYIIYRDYTWAELAYTWY
KVTQSDLSDR,HLA-A3101,0,YTAMYQENVAHIDVDTLYIMYQDYTWAVLAYTWY
NQMAGLGPR,HLA-A3101,0,YTAMYQENVAHIDVDTLYIMYQDYTWAVLAYTWY
AVHPSSPPV,HLA-A0201,0,YFAMYGEKVAHTHVDTLYVRYHYYTWAVLAYTWY
VIHSPKGKKR,HLA-A3101,0,YTAMYQENVAHIDVDTLYIMYQDYTWAVLAYTWY
TISAYKAPR,HLA-A3101,0,YTAMYQENVAHIDVDTLYIMYQDYTWAVLAYTWY
RTISAYKAPR,HLA-A0301,0,YFAMYQENVAQTDVDTLYIIYRDYTWAELAYTWY
ISAYKAPRDK,HLA-A0301,0,YFAMYQENVAQTDVDTLYIIYRDYTWAELAYTWY
RTISAYKAPR,HLA-A3101,0,YTAMYQENVAHIDVDTLYIMYQDYTWAVLAYTWY
GSIRISSMR,HLA-A3101,0,YTAMYQENVAHIDVDTLYIMYQDYTWAVLAYTWY
ISSMRFCPF,HLA-B1501,0,YYAMYREISTNTYESNLYLRYDSYTWAEWAYLWY
RISSMRFCPF,HLA-A3101,0,YTAMYQENVAHIDVDTLYIMYQDYTWAVLAYTWY
SVKDTFLQQK,HLA-A0301,0,YFAMYQENVAQTDVDTLYIIYRDYTWAELAYTWY
PYLNWTIER,HLA-A3101,0,YTAMYQENVAHIDVDTLYIMYQDYTWAVLAYTWY
KLFLEFKIR,HLA-A0301,0,YFAMYQENVAQTDVDTLYIIYRDYTWAELAYTWY
KLFLEFKIR,HLA-A3101,0,YTAMYQENVAHIDVDTLYIMYQDYTWAVLAYTWY
RLNRNGDFK,HLA-A0301,0,YFAMYQENVAQTDVDTLYIIYRDYTWAELAYTWY
RLNRNGDFK,HLA-A3101,0,YTAMYQENVAHIDVDTLYIMYQDYTWAVLAYTWY
TEDDAKTVT,HLA-B3801,0,YYSEYRNICTNTYENIAYLRYNFYTWAVLTYTWY
SLYDNIMLH,HLA-A0301,0,YFAMYQENVAQTDVDTLYIIYRDYTWAELAYTWY
LVKFLEFER,HLA-A3101,0,YTAMYQENVAHIDVDTLYIMYQDYTWAVLAYTWY
SLVKFLEFER,HLA-A3101,0,YTAMYQENVAHIDVDTLYIMYQDYTWAVLAYTWY
NQMAGLGPR,HLA-A3101,0,YTAMYQENVAHIDVDTLYIMYQDYTWAVLAYTWY
QMAGLGPRF,HLA-B1501,0,YYAMYREISTNTYESNLYLRYDSYTWAEWAYLWY
NQMAGLGPRF,HLA-B1501,0,YYAMYREISTNTYESNLYLRYDSYTWAEWAYLWY
ILCVTTADPY,HLA-B1501,0,YYAMYREISTNTYESNLYLRYDSYTWAEWAYLWY
PLYLALAQRK,HLA-A0301,0,YFAMYQENVAQTDVDTLYIIYRDYTWAELAYTWY
LALAQRKEER,HLA-A3101,0,YTAMYQENVAHIDVDTLYIMYQDYTWAVLAYTWY
KPLYLALAQR,HLA-A3101,0,YTAMYQENVAHIDVDTLYIMYQDYTWAVLAYTWY
MWKCQNMIR,HLA-A3101,0,YTAMYQENVAHIDVDTLYIMYQDYTWAVLAYTWY
CQNMIRSHVR,HLA-A3101,0,YTAMYQENVAHIDVDTLYIMYQDYTWAVLAYTWY
EMWKCQNMIR,HLA-A3101,0,YTAMYQENVAHIDVDTLYIMYQDYTWAVLAYTWY
LLRCSKECLK,HLA-A0301,0,YFAMYQENVAQTDVDTLYIIYRDYTWAELAYTWY
ENDPIQGPV,HLA-B3801,0,YYSEYRNICTNTYENIAYLRYNFYTWAVLTYTWY
HSASTPETR,HLA-A3101,0,YTAMYQENVAHIDVDTLYIMYQDYTWAVLAYTWY
RVRAMAICK,HLA-A0301,0,YFAMYQENVAQTDVDTLYIIYRDYTWAELAYTWY
RVRAMAICK,HLA-A3101,0,YTAMYQENVAHIDVDTLYIMYQDYTWAVLAYTWY
KVTQSDLSDR,HLA-A3101,0,YTAMYQENVAHIDVDTLYIMYQDYTWAVLAYTWY
WQGEGDGQSF,HLA-B1501,0,YYAMYREISTNTYESNLYLRYDSYTWAEWAYLWY
LQFLTPLGEY,HLA-B1501,0,YYAMYREISTNTYESNLYLRYDSYTWAEWAYLWY
AQLVALLVF,HLA-B1501,0,YYAMYREISTNTYESNLYLRYDSYTWAEWAYLWY
KLSEHIRVH,HLA-A0301,0,YFAMYQENVAQTDVDTLYIIYRDYTWAELAYTWY
KQCKLSEHIR,HLA-A3101,0,YTAMYQENVAHIDVDTLYIMYQDYTWAVLAYTWY
YMIHIIEKW,HLA-C0602,0,YDSGYREKYRQADVNKLYLWYDSYTWAEWAYTWY
ATPYRIRFPR,HLA-A1101,0,YYAMYQENVAQTDVDTLYIIYRDYTWAAQAYRWY
VQFSQLQELK,HLA-A1101,0,YYAMYQENVAQTDVDTLYIIYRDYTWAAQAYRWY
SQLQELKNLK,HLA-A1101,0,YYAMYQENVAQTDVDTLYIIYRDYTWAAQAYRWY
GTNAFLPMCR,HLA-A1101,0,YYAMYQENVAQTDVDTLYIIYRDYTWAAQAYRWY
AFLPMCRYYR,HLA-A1101,0,YYAMYQENVAQTDVDTLYIIYRDYTWAAQAYRWY
GAGGVQSIAK,HLA-A1101,0,YYAMYQENVAQTDVDTLYIIYRDYTWAAQAYRWY
QSIAKKSGQK,HLA-A1101,0,YYAMYQENVAQTDVDTLYIIYRDYTWAAQAYRWY
DSFVGADLQK,HLA-A1101,0,YYAMYQENVAQTDVDTLYIIYRDYTWAAQAYRWY
FVGADLQKFK,HLA-A1101,0,YYAMYQENVAQTDVDTLYIIYRDYTWAAQAYRWY
FVGADLKNFK,HLA-A1101,0,YYAMYQENVAQTDVDTLYIIYRDYTWAAQAYRWY
MFYKILHSFK,HLA-A1101,0,YYAMYQENVAQTDVDTLYIIYRDYTWAAQAYRWY
FLQEYVTLHK,HLA-A1101,0,YYAMYQENVAQTDVDTLYIIYRDYTWAAQAYRWY
TQLNPSSRQK,HLA-A1101,0,YYAMYQENVAQTDVDTLYIIYRDYTWAAQAYRWY
GVLYVVRSLY,HLA-A1101,0,YYAMYQENVAQTDVDTLYIIYRDYTWAAQAYRWY
SLSAIRTVAK,HLA-A1101,0,YYAMYQENVAQTDVDTLYIIYRDYTWAAQAYRWY
GAASESPSLK,HLA-A1101,0,YYAMYQENVAQTDVDTLYIIYRDYTWAAQAYRWY
YTPQTSGLAK,HLA-A1101,0,YYAMYQENVAQTDVDTLYIIYRDYTWAAQAYRWY
ITFQSWPNSK,HLA-A1101,0,YYAMYQENVAQTDVDTLYIIYRDYTWAAQAYRWY
GFLCVFSITK,HLA-A1101,0,YYAMYQENVAQTDVDTLYIIYRDYTWAAQAYRWY
LWPHLGPPPL,HLA-A2402,0,YSAMYEEKVAHTDENIAYLMFHYYTWAVQAYTGY
RWMKVNFEVF,HLA-A2402,0,YSAMYEEKVAHTDENIAYLMFHYYTWAVQAYTGY
LFLRVPALPF,HLA-A2402,0,YSAMYEEKVAHTDENIAYLMFHYYTWAVQAYTGY
RFFSLVKQMI,HLA-A2402,0,YSAMYEEKVAHTDENIAYLMFHYYTWAVQAYTGY
VFSITKMESF,HLA-A2402,0,YSAMYEEKVAHTDENIAYLMFHYYTWAVQAYTGY
RYYICTAQNL,HLA-A2402,0,YSAMYEEKVAHTDENIAYLMFHYYTWAVQAYTGY
QEYVTLHKGC,HLA-B4501,0,YHTKYREISTNTYESNLYWRYNLYTWAVDAYLSY
KEAVTFKDLA,HLA-B4501,0,YHTKYREISTNTYESNLYWRYNLYTWAVDAYLSY
EEAVTFKDLA,HLA-B4501,0,YHTKYREISTNTYESNLYWRYNLYTWAVDAYLSY
KEIEVLERGA,HLA-B4501,0,YHTKYREISTNTYESNLYWRYNLYTWAVDAYLSY
AEFEKKWEDG,HLA-B4501,0,YHTKYREISTNTYESNLYWRYNLYTWAVDAYLSY
EELEVHFKIS,HLA-B4501,0,YHTKYREISTNTYESNLYWRYNLYTWAVDAYLSY
QESVPIGTAV,HLA-B4501,0,YHTKYREISTNTYESNLYWRYNLYTWAVDAYLSY
SEYWRGQREA,HLA-B4501,0,YHTKYREISTNTYESNLYWRYNLYTWAVDAYLSY
AEHEEVVLEE,HLA-B4501,0,YHTKYREISTNTYESNLYWRYNLYTWAVDAYLSY
REQYQLVIQA,HLA-B4501,0,YHTKYREISTNTYESNLYWRYNLYTWAVDAYLSY
FRHQAHWDRY,HLA-C0602,0,YDSGYREKYRQADVNKLYLWYDSYTWAEWAYTWY
RHQAHWDRYM,HLA-C0602,0,YDSGYREKYRQADVNKLYLWYDSYTWAEWAYTWY
AHWDRYMGTL,HLA-C0602,0,YDSGYREKYRQADVNKLYLWYDSYTWAEWAYTWY
QRTEPPGTFL,HLA-C0602,0,YDSGYREKYRQADVNKLYLWYDSYTWAEWAYTWY
THKENPVVDV,HLA-C0602,0,YDSGYREKYRQADVNKLYLWYDSYTWAEWAYTWY
MRRASSSSSL,HLA-C0602,0,YDSGYREKYRQADVNKLYLWYDSYTWAEWAYTWY
VRLPTGGPLL,HLA-C0602,0,YDSGYREKYRQADVNKLYLWYDSYTWAEWAYTWY
THRATPVFLV,HLA-C0602,0,YDSGYREKYRQADVNKLYLWYDSYTWAEWAYTWY
QRWMKVNFEV,HLA-C0602,0,YDSGYREKYRQADVNKLYLWYDSYTWAEWAYTWY
LRVPALPFLL,HLA-C0602,0,YDSGYREKYRQADVNKLYLWYDSYTWAEWAYTWY
VRSGPGRPEL,HLA-C0602,0,YDSGYREKYRQADVNKLYLWYDSYTWAEWAYTWY
SRFFSLVKQM,HLA-C0602,0,YDSGYREKYRQADVNKLYLWYDSYTWAEWAYTWY
EHEEVVLEEL,HLA-C0602,0,YDSGYREKYRQADVNKLYLWYDSYTWAEWAYTWY
NRENREQYQL,HLA-C0602,0,YDSGYREKYRQADVNKLYLWYDSYTWAEWAYTWY
STVSRPNLK,HLA-A1101,0,YYAMYQENVAQTDVDTLYIIYRDYTWAAQAYRWY
TVSRPNLKY,HLA-A1101,0,YYAMYQENVAQTDVDTLYIIYRDYTWAAQAYRWY
AAAALHMQR,HLA-A1101,0,YYAMYQENVAQTDVDTLYIIYRDYTWAAQAYRWY
VAGAVGPHK,HLA-A1101,0,YYAMYQENVAQTDVDTLYIIYRDYTWAAQAYRWY
SISSAATPY,HLA-A1101,0,YYAMYQENVAQTDVDTLYIIYRDYTWAAQAYRWY
ISSAATPYR,HLA-A1101,0,YYAMYQENVAQTDVDTLYIIYRDYTWAAQAYRWY
SIAKKSGQK,HLA-A1101,0,YYAMYQENVAQTDVDTLYIIYRDYTWAAQAYRWY
SILEQMHRK,HLA-A1101,1,YYAMYQENVAQTDVDTLYIIYRDYTWAAQAYRWY
