Epitope,Allele,HLA_pseudo_seq
VMLQAPLFT,HLA-A0201,YFAMYGEKVAHTHVDTLYVRYHYYTWAVLAYTWY
MLIVETAVM,HLA-A0201,YFAMYGEKVAHTHVDTLYVRYHYYTWAVLAYTWY
MLIVETAVML,HLA-A0201,YFAMYGEKVAHTHVDTLYVRYHYYTWAVLAYTWY
VMLQAPLFTA,HLA-A0201,YFAMYGEKVAHTHVDTLYVRYHYYTWAVLAYTWY
LLSECVHAL,HLA-A0201,YFAMYGEKVAHTHVDTLYVRYHYYTWAVLAYTWY
RLLSECVHA,HLA-A0201,YFAMYGEKVAHTHVDTLYVRYHYYTWAVLAYTWY
RLLSECVHAL,HLA-A0201,YFAMYGEKVAHTHVDTLYVRYHYYTWAVLAYTWY
TLGSYPICL,HLA-A0201,YFAMYGEKVAHTHVDTLYVRYHYYTWAVLAYTWY
LLFLGAGLFL,HLA-A0201,YFAMYGEKVAHTHVDTLYVRYHYYTWAVLAYTWY
FLGAGLFLYF,HLA-A0201,YFAMYGEKVAHTHVDTLYVRYHYYTWAVLAYTWY
FLSQKGQLYT,HLA-A0201,YFAMYGEKVAHTHVDTLYVRYHYYTWAVLAYTWY
PEGYHDPNCL,HLA-B4001,YHTKYREISTNTYESNLYLRYNYYSLAVLAYEWY
SESELKDYL,HLA-B4001,YHTKYREISTNTYESNLYLRYNYYSLAVLAYEWY
SELKDYLWQM,HLA-B4001,YHTKYREISTNTYESNLYLRYNYYSLAVLAYEWY
CLFPICSPA,HLA-A0201,YFAMYGEKVAHTHVDTLYVRYHYYTWAVLAYTWY
KTEESLFRI,HLA-A0201,YFAMYGEKVAHTHVDTLYVRYHYYTWAVLAYTWY
TMHTYKELI,HLA-A0201,YFAMYGEKVAHTHVDTLYVRYHYYTWAVLAYTWY
TTMHTYKEL,HLA-C0304,YYAGYREKYRQTDVSNLYIRYDYYTWAELAYLWY
MEMNGDEIAI,HLA-B4001,YHTKYREISTNTYESNLYLRYNYYSLAVLAYEWY
GIPDEVLESI,HLA-A0201,YFAMYGEKVAHTHVDTLYVRYHYYTWAVLAYTWY
QSFCPTPRR,HLA-A6801,YYAMYRNNVAQTDVDTLYIMYRDYTWAVWAYTWY
SLQSFCPTPR,HLA-A6801,YYAMYRNNVAQTDVDTLYIMYRDYTWAVWAYTWY
NIKQHQDEEK,HLA-A6801,YYAMYRNNVAQTDVDTLYIMYRDYTWAVWAYTWY
DLSLIQKNR,HLA-A6801,YYAMYRNNVAQTDVDTLYIMYRDYTWAVWAYTWY
IQKNRMALF,HLA-B1501,YYAMYREISTNTYESNLYLRYDSYTWAEWAYLWY
NVHRTKRTR,HLA-A6801,YYAMYRNNVAQTDVDTLYIMYRDYTWAVWAYTWY
TPNVHRTKR,HLA-A6801,YYAMYRNNVAQTDVDTLYIMYRDYTWAVWAYTWY
NTPNVHRTK,HLA-A6801,YYAMYRNNVAQTDVDTLYIMYRDYTWAVWAYTWY
EWVPEPPER,HLA-A6801,YYAMYRNNVAQTDVDTLYIMYRDYTWAVWAYTWY
EAALNNPKMY,HLA-A6801,YYAMYRNNVAQTDVDTLYIMYRDYTWAVWAYTWY
MTEMPNHLH,HLA-A6801,YYAMYRNNVAQTDVDTLYIMYRDYTWAVWAYTWY
PLAQIAKAW,HLA-A3201,YFAMYQENVAHTDESIAYIMYQDYTWAVLAYTWY
TEITLTWQR,HLA-A6801,YYAMYRNNVAQTDVDTLYIMYRDYTWAVWAYTWY
YTAVSRPGR,HLA-A6801,YYAMYRNNVAQTDVDTLYIMYRDYTWAVWAYTWY
RYFYTAVSR,HLA-A6801,YYAMYRNNVAQTDVDTLYIMYRDYTWAVWAYTWY
CSHSMRYFY,HLA-A6801,YYAMYRNNVAQTDVDTLYIMYRDYTWAVWAYTWY
FYTAVSRPGR,HLA-A6801,YYAMYRNNVAQTDVDTLYIMYRDYTWAVWAYTWY
MRYFYTAVSR,HLA-A6801,YYAMYRNNVAQTDVDTLYIMYRDYTWAVWAYTWY
AAKWKANLR,HLA-A6801,YYAMYRNNVAQTDVDTLYIMYRDYTWAVWAYTWY
DAAKWKANLR,HLA-A6801,YYAMYRNNVAQTDVDTLYIMYRDYTWAVWAYTWY
NACLFTIMK,HLA-A6801,YYAMYRNNVAQTDVDTLYIMYRDYTWAVWAYTWY
QESFAVVQDW,HLA-B4402,YYTKYREISTNTYENTAYIRYDDYTWAVDAYLSY
YQYMLDEQK,HLA-A6801,YYAMYRNNVAQTDVDTLYIMYRDYTWAVWAYTWY
ETPQETYTK,HLA-A6801,YYAMYRNNVAQTDVDTLYIMYRDYTWAVWAYTWY
TYTKVMNWK,HLA-A6801,YYAMYRNNVAQTDVDTLYIMYRDYTWAVWAYTWY
ETYTKVMNWK,HLA-A6801,YYAMYRNNVAQTDVDTLYIMYRDYTWAVWAYTWY
QETYTKVMNW,HLA-B4402,YYTKYREISTNTYENTAYIRYDDYTWAVDAYLSY
YLQESAFSH,HLA-B1501,YYAMYREISTNTYESNLYLRYDSYTWAEWAYLWY
QESAFSHSAF,HLA-B1501,YYAMYREISTNTYESNLYLRYDSYTWAEWAYLWY
LQLERINVY,HLA-B1501,YYAMYREISTNTYESNLYLRYDSYTWAEWAYLWY
LQLERINVYH,HLA-B1501,YYAMYREISTNTYESNLYLRYDSYTWAEWAYLWY
HLQLERINVY,HLA-B1501,YYAMYREISTNTYESNLYLRYDSYTWAEWAYLWY
YMEKQQELL,HLA-A0201,YFAMYGEKVAHTHVDTLYVRYHYYTWAVLAYTWY
RLDATQMAM,HLA-A0201,YFAMYGEKVAHTHVDTLYVRYHYYTWAVLAYTWY
RLDATQMAMI,HLA-A0201,YFAMYGEKVAHTHVDTLYVRYHYYTWAVLAYTWY
CPILRGPDGL,HLA-B5101,YYATYRNIFTNTYENIAYWTYNYYTWAELAYLWH
GLIWVVLIL,HLA-A0201,YFAMYGEKVAHTHVDTLYVRYHYYTWAVLAYTWY
ILDGRDGHEV,HLA-A0201,YFAMYGEKVAHTHVDTLYVRYHYYTWAVLAYTWY
IWVVLILDGR,HLA-A3101,YTAMYQENVAHIDVDTLYIMYQDYTWAVLAYTWY
TLSGVNFEL,HLA-A0201,YFAMYGEKVAHTHVDTLYVRYHYYTWAVLAYTWY
TLSGVNFELV,HLA-A0201,YFAMYGEKVAHTHVDTLYVRYHYYTWAVLAYTWY
STLSGVNFEL,HLA-A0201,YFAMYGEKVAHTHVDTLYVRYHYYTWAVLAYTWY
FTGPCPMEI,HLA-A0201,YFAMYGEKVAHTHVDTLYVRYHYYTWAVLAYTWY
CPMEIERIKI,HLA-B5101,YYATYRNIFTNTYENIAYWTYNYYTWAELAYLWH
SLATAQIAR,HLA-A3101,YTAMYQENVAHIDVDTLYIMYQDYTWAVLAYTWY
ALGSLATAQI,HLA-A0201,YFAMYGEKVAHTHVDTLYVRYHYYTWAVLAYTWY
SCYWFGNCRK,HLA-A3101,YTAMYQENVAHIDVDTLYIMYQDYTWAVLAYTWY
PSCYWFGNCR,HLA-A3101,YTAMYQENVAHIDVDTLYIMYQDYTWAVLAYTWY
FYNQEEYVR,HLA-A3101,YTAMYQENVAHIDVDTLYIMYQDYTWAVLAYTWY
YFYNQEEYVR,HLA-A3101,YTAMYQENVAHIDVDTLYIMYQDYTWAVLAYTWY
LLAVVDLIV,HLA-A0201,YFAMYGEKVAHTHVDTLYVRYHYYTWAVLAYTWY
QLLAVVDLI,HLA-A0201,YFAMYGEKVAHTHVDTLYVRYHYYTWAVLAYTWY
QLLAVVDLIV,HLA-A0201,YFAMYGEKVAHTHVDTLYVRYHYYTWAVLAYTWY
MPEPGIYHGI,HLA-B5101,YYATYRNIFTNTYENIAYWTYNYYTWAELAYLWH
KLVRDETPL,HLA-A0201,YFAMYGEKVAHTHVDTLYVRYHYYTWAVLAYTWY
KLVRDETPLI,HLA-A0201,YFAMYGEKVAHTHVDTLYVRYHYYTWAVLAYTWY
RIPSSDCLPR,HLA-A3101,YTAMYQENVAHIDVDTLYIMYQDYTWAVLAYTWY
LPAPPDGPEV,HLA-B5101,YYATYRNIFTNTYENIAYWTYNYYTWAELAYLWH
RFFRIPFVR,HLA-A3101,YTAMYQENVAHIDVDTLYIMYQDYTWAVLAYTWY
QRFFRIPFVR,HLA-A3101,YTAMYQENVAHIDVDTLYIMYQDYTWAVLAYTWY
VFVGMNLTR,HLA-A3101,YTAMYQENVAHIDVDTLYIMYQDYTWAVLAYTWY
AQFIGPLVFV,HLA-A0201,YFAMYGEKVAHTHVDTLYVRYHYYTWAVLAYTWY
FIGPLVFVGM,HLA-A0201,YFAMYGEKVAHTHVDTLYVRYHYYTWAVLAYTWY
LVFVGMNLTR,HLA-A3101,YTAMYQENVAHIDVDTLYIMYQDYTWAVLAYTWY
LMTRETWEV,HLA-A0201,YFAMYGEKVAHTHVDTLYVRYHYYTWAVLAYTWY
SLMTRETWEV,HLA-A0201,YFAMYGEKVAHTHVDTLYVRYHYYTWAVLAYTWY
LARESSLMTR,HLA-A3101,YTAMYQENVAHIDVDTLYIMYQDYTWAVLAYTWY
LFAALTFFL,HLA-A0201,YFAMYGEKVAHTHVDTLYVRYHYYTWAVLAYTWY
KVTKILFAA,HLA-A0201,YFAMYGEKVAHTHVDTLYVRYHYYTWAVLAYTWY
ILFAALTFFL,HLA-A0201,YFAMYGEKVAHTHVDTLYVRYHYYTWAVLAYTWY
KVTKILFAAL,HLA-A0201,YFAMYGEKVAHTHVDTLYVRYHYYTWAVLAYTWY
QKKPFEEYWR,HLA-A3101,YTAMYQENVAHIDVDTLYIMYQDYTWAVLAYTWY
WQRSQHSYK,HLA-A3101,YTAMYQENVAHIDVDTLYIMYQDYTWAVLAYTWY
RWQRSQHSYK,HLA-A3101,YTAMYQENVAHIDVDTLYIMYQDYTWAVLAYTWY
HSYKCHLVLR,HLA-A3101,YTAMYQENVAHIDVDTLYIMYQDYTWAVLAYTWY
LIVFAQLSV,HLA-A0201,YFAMYGEKVAHTHVDTLYVRYHYYTWAVLAYTWY
IPDEVKLIV,HLA-B5101,YYATYRNIFTNTYENIAYWTYNYYTWAELAYLWH
KLIVFAQLSV,HLA-A0201,YFAMYGEKVAHTHVDTLYVRYHYYTWAVLAYTWY
IPDEVKLIVF,HLA-B5101,YYATYRNIFTNTYENIAYWTYNYYTWAELAYLWH
